Country,Year,Hospital_density,gdp,Communicable_disease,Hospital_Expenditure,Total_Health_Expenditure,Injury Count,life_expectancy,Mortality,Population
Australia,2000,6.648,415845000000.0,35.6,2.987,7.594,138.3,79.2,676.8,19028802.0
Australia,2001,6.656,379358000000.0,53.3,3.024,7.678,141.76,79.6,667.5,19274701.0
Australia,2002,6.586,395573000000.0,32.2,3.123,7.876,142.6,79.9,682.5,19495210.0
Australia,2003,6.521,467498000000.0,29.3,3.157,7.881,143.47,80.2,668.3,19720737.0
Australia,2004,6.477,614326000000.0,46.4,3.25,8.087,144.1,80.5,663.8,19932722.0
Australia,2005,6.453,695305000000.0,57.6,3.263,7.97,150.64,80.8,658.85,20176844.0
Australia,2006,6.43,747907000000.0,50.8,3.284,7.977,156.53,81.0,653.9,20450966.0
Australia,2007,6.309,854427000000.0,25.6,3.322,8.055,154.89,81.3,661.9,20827622.0
Australia,2008,6.212,1055690000000.0,69.4,3.534,8.249,156.1,81.4,677.4,21249199.0
Australia,2009,6.15,928630000000.0,141.2,3.711,8.545,154.09,81.5,648.9,21691653.0
Australia,2010,6.105,1148570000000.0,160.0,3.656,8.42,147.82,81.7,651.2,22031750.0
Australia,2011,6.021,1398460000000.0,175.8,3.695,8.537,151.33,81.9,657.7,22340024.0
Australia,2012,5.925,1546950000000.0,108.1,3.744,8.675,148.69,82.0,647.1,22733465.0
Australia,2013,5.876,1576330000000.0,55.0,3.807,8.751,150.48,82.1,638.5,23128129.0
Australia,2014,5.631,1467590000000.0,52.9,3.967,9.834,150.39,82.3,654.2,23475686.0
Australia,2015,5.589,1350580000000.0,95.7,4.124,10.182,154.61,82.4,667.8,23815995.0
Australia,2016,5.593,1206560000000.0,84.3,4.13,10.093,159.68,82.4,655.2,24190907.0
Australia,2017,5.461,1326470000000.0,50.6,4.226,10.123,158.76,82.5,655.0,24594202.0
Australia,2018,5.423,1428270000000.0,51.4,4.27,10.06,157.31,82.7,635.5,24966643.0
Australia,2019,5.276,1392220000000.0,49.1,4.373,10.22,157.31,82.9,666.8,25340217.0
Australia,2020,5.219,1326940000000.0,14.1,4.443,10.684,157.31,83.2,628.7,25655289.0
Austria,2000,3.42,197290000000.0,3.3,3.676,9.204,685.62,78.3,958.4,8011566.0
Austria,2001,3.332,197509000000.0,4.7,3.676,9.269,699.61,78.8,929.7,8042293.0
Austria,2002,3.328,214395000000.0,3.5,3.676,9.395,701.35,78.9,942.0,8082121.0
Austria,2003,3.263,262274000000.0,4.6,3.676,9.547,700.66,78.8,950.7,8118245.0
Austria,2004,3.218,301458000000.0,3.1,3.676,9.709,683.73,79.3,909.1,8169441.0
Austria,2005,3.209,316092000000.0,2.9,3.731,9.627,647.2,79.5,913.8,8225278.0
Austria,2006,3.193,336280000000.0,2.4,3.693,9.531,628.09,80.1,898.5,8267948.0
Austria,2007,3.255,389186000000.0,3.2,3.66,9.532,641.47,80.3,899.6,8295189.0
Austria,2008,3.209,432052000000.0,9.2,3.768,9.726,607.11,80.6,902.3,8321541.0
Austria,2009,3.2,401759000000.0,4.1,3.971,10.226,589.32,80.5,927.5,8341483.0
Austria,2010,3.228,392275000000.0,7.0,3.965,10.221,548.47,80.7,923.1,8361069.0
Austria,2011,3.253,431685000000.0,5.8,3.889,10.026,536.74,81.1,911.4,8388534.0
Austria,2012,3.321,409402000000.0,8.4,4.0,10.199,604.0,81.1,942.3,8426311.0
Austria,2013,3.326,430191000000.0,9.0,3.956,10.286,566.74,81.3,937.8,8477230.0
Austria,2014,3.323,442585000000.0,7.5,3.971,10.368,557.94,81.6,915.6,8543932.0
Austria,2015,3.263,381971000000.0,12.0,3.942,10.368,548.88,81.3,961.2,8629519.0
Austria,2016,3.171,395837000000.0,16.9,3.964,10.352,553.71,81.8,923.3,8739806.0
Austria,2017,3.126,417261000000.0,18.7,3.99,10.384,537.32,81.7,946.5,8795073.0
Austria,2018,3.031,454991000000.0,27.2,3.989,10.349,526.44,81.8,949.9,8837707.0
Austria,2019,2.984,444621000000.0,28.1,4.07,10.487,508.47,82.0,939.0,8877637.0
Austria,2020,2.994,435225000000.0,8.3,4.465,11.385,423.13,81.3,1027.3,8916845.0
Austria,2021,2.992,480368000000.0,2.3,4.391,12.096,456.78,81.3,1026.8,8951520.0
Belgium,2000,2.195,236792000000.0,1.4,2.953,7.999,676.5,77.9,1022.6,10251251.0
Belgium,2001,2.148,236746000000.0,1.4,2.953,8.15,647.7,78.1,1001.2,10286571.0
Belgium,2002,2.11,258384000000.0,1.4,2.953,8.318,638.1,78.2,1019.0,10332786.0
Belgium,2003,2.082,318083000000.0,1.7,2.953,9.164,640.6,78.3,1023.6,10376131.0
Belgium,2004,2.054,369215000000.0,1.8,3.077,9.328,614.2,79.0,971.6,10421136.0
Belgium,2005,2.042,385715000000.0,5.2,3.026,9.224,602.3,79.1,982.3,10478620.0
Belgium,2006,2.0,408260000000.0,5.8,2.971,9.13,601.56,79.5,949.0,10547956.0
Belgium,2007,1.958,470922000000.0,7.9,3.016,9.136,605.62,79.9,954.1,10624835.0
Belgium,2008,1.914,517328000000.0,8.1,3.435,9.595,587.87,79.8,968.8,10709108.0
Belgium,2009,1.852,483254000000.0,9.7,3.673,10.321,568.54,80.2,961.6,10796498.0
Belgium,2010,1.79,481421000000.0,12.7,3.643,10.202,541.71,80.3,965.1,10895591.0
Belgium,2011,1.767,523330000000.0,9.1,3.773,10.363,555.19,80.7,944.8,10993609.0
Belgium,2012,1.747,496153000000.0,6.4,3.848,10.502,506.31,80.5,982.1,11067748.0
Belgium,2013,1.703,521791000000.0,8.5,3.886,10.577,475.13,80.7,979.7,11125033.0
Belgium,2014,1.606,535390000000.0,14.4,3.859,10.609,474.18,81.4,934.6,11179778.0
Belgium,2015,1.588,462336000000.0,11.2,4.003,10.797,460.07,81.1,980.5,11238474.0
Belgium,2016,1.562,476063000000.0,13.0,3.943,10.794,451.52,81.5,954.0,11295003.0
Belgium,2017,1.538,502765000000.0,12.8,3.969,10.799,425.86,81.6,964.1,11349081.0
Belgium,2018,1.523,543299000000.0,1.5,3.923,10.861,426.48,81.7,968.7,11403740.0
Belgium,2019,1.427,535866000000.0,5.0,4.212,10.795,403.4,82.1,968.7,11462023.0
Belgium,2020,1.413,525213000000.0,1.0,4.6,11.198,318.12,80.8,968.7,11506938.0
Belgium,2021,1.407,594352000000.0,0.6,4.323,11.043,363.0,81.9,968.7,11552615.0
Belgium,2022,1.394,578604000000.0,0.2,4.323,10.94,363.0,81.9,968.7,11640788.0
Canada,2000,2.565,744773000000.0,20.4,2.518,8.248,726.2,79.3,710.6,30685730.0
Canada,2001,2.463,738963000000.0,13.0,2.591,8.625,698.1,79.5,707.7,31020902.0
Canada,2002,2.446,760649000000.0,13.5,2.654,8.857,710.0,79.6,713.0,31360079.0
Canada,2003,2.389,895541000000.0,13.6,2.687,9.011,683.0,79.8,714.7,31644028.0
Canada,2004,2.298,1026690000000.0,13.7,2.71,9.066,645.3,80.1,709.4,31940655.0
Canada,2005,2.286,1173110000000.0,13.7,2.682,9.035,634.9,80.2,713.7,32243753.0
Canada,2006,2.247,1319260000000.0,13.3,2.883,9.342,614.0,80.7,700.2,32571174.0
Canada,2007,2.22,1468820000000.0,15.0,2.911,9.445,586.0,80.7,715.2,32889025.0
Canada,2008,2.178,1552990000000.0,17.9,2.955,9.608,530.6,80.8,717.7,33247118.0
Canada,2009,2.153,1374630000000.0,16.0,3.252,10.662,507.8,81.2,709.0,33628895.0
Canada,2010,2.129,1617340000000.0,13.1,3.274,10.676,506.0,81.4,706.0,34004889.0
Canada,2011,2.111,1793330000000.0,21.4,3.15,10.38,488.5,81.6,704.9,34339328.0
Canada,2012,2.074,1828370000000.0,30.6,3.116,10.51,480.3,81.8,710.4,34714222.0
Canada,2013,2.058,1846600000000.0,20.8,3.099,10.412,469.0,81.8,719.3,35082954.0
Canada,2014,2.032,1805750000000.0,21.4,3.022,10.258,441.8,81.9,730.4,35437435.0
Canada,2015,2.014,1556510000000.0,25.1,3.106,10.739,451.1,81.9,740.4,35702908.0
Canada,2016,1.999,1527990000000.0,25.8,3.099,11.032,439.7,82.0,740.0,36109487.0
Canada,2017,1.976,1649270000000.0,24.3,3.031,10.906,418.1,81.9,757.1,36545236.0
Canada,2018,1.929,1725300000000.0,18.1,3.032,10.905,412.5,81.9,765.4,37065084.0
Canada,2019,1.886,1743730000000.0,19.7,3.021,11.009,375.5,82.3,755.5,37601230.0
Canada,2020,1.846,1647600000000.0,10.0,3.233,13.035,267.0,81.7,755.5,38007166.0
Canada,2021,1.846,2001490000000.0,0.0,2.953,12.334,284.0,81.6,755.5,38226498.0
Czech Republic,2005,2.566,137143000000.0,4.1,2.832,6.341,314.7,76.1,1057.1,10234092.0
Czech Republic,2006,2.51,156264000000.0,2.6,2.815,6.164,273.8,76.7,1020.0,10266646.0
Czech Republic,2007,2.476,190184000000.0,5.1,2.716,5.986,282.8,77.0,1016.0,10322689.0
Czech Republic,2008,2.446,236817000000.0,10.6,2.765,6.33,273.3,77.3,1010.6,10429692.0
Czech Republic,2009,2.451,207434000000.0,11.8,3.159,7.249,259.7,77.4,1028.5,10491492.0
Czech Republic,2010,2.435,209070000000.0,8.7,3.266,7.586,231.8,77.7,1020.0,10517247.0
Czech Republic,2011,2.429,229563000000.0,5.4,3.254,7.558,243.4,78.0,1018.0,10496672.0
Czech Republic,2012,2.398,208858000000.0,8.9,3.303,7.624,242.8,78.1,1029.3,10509286.0
Czech Republic,2013,2.406,211686000000.0,13.4,3.242,7.521,240.6,78.3,1038.2,10510719.0
Czech Republic,2014,2.442,209359000000.0,27.4,3.322,7.612,250.4,78.9,1003.9,10524783.0
Czech Republic,2015,2.427,188033000000.0,6.9,3.22,7.369,255.1,78.7,1054.2,10542942.0
Czech Republic,2016,2.461,196272000000.0,7.1,3.26,7.446,255.7,79.1,1019.7,10565284.0
Czech Republic,2017,2.435,218629000000.0,8.9,3.235,7.381,255.0,79.1,1051.9,10589526.0
Czech Republic,2018,2.408,249001000000.0,10.0,3.314,7.47,259.6,79.1,1062.3,10626430.0
Czech Republic,2019,2.418,252548000000.0,18.9,3.372,7.603,243.4,79.3,1052.9,10669324.0
Czech Republic,2020,2.458,245975000000.0,7.2,4.189,9.214,261.5,78.3,1208.6,10700155.0
Czech Republic,2021,2.522,281791000000.0,1.2,4.302,9.489,279.6,77.2,1331.6,10500850.0
Czech Republic,2022,2.529,290924000000.0,0.0,3.593,9.088,297.7,76.15,1197.25,10759525.0
Finland,2000,7.515,126020000000.0,0.3,2.223,7.093,164.4,77.8,952.7,5176203.0
Finland,2001,7.537,129533000000.0,0.4,2.324,7.251,162.1,78.2,934.9,5188005.0
Finland,2002,7.48,140404000000.0,0.4,2.669,7.628,156.8,78.3,949.7,5200598.0
Finland,2003,7.289,171652000000.0,24.8,2.726,7.938,174.3,78.6,940.6,5213010.0
Finland,2004,7.134,197479000000.0,31.6,2.731,8.059,168.1,79.0,913.5,5228173.0
Finland,2005,7.034,204885000000.0,11.0,2.773,8.288,171.2,79.1,910.2,5246100.0
Finland,2006,6.646,217089000000.0,11.1,2.783,8.284,162.9,79.5,913.5,5266266.0
Finland,2007,6.145,256378000000.0,10.0,2.669,8.084,159.7,79.6,928.3,5288719.0
Finland,2008,6.023,285716000000.0,20.4,2.747,8.343,160.2,79.9,923.9,5313398.0
Finland,2009,5.582,253498000000.0,5.8,2.992,9.161,150.9,80.1,934.7,5338867.0
Finland,2010,5.221,249424000000.0,7.7,2.987,9.142,143.1,80.2,949.2,5363341.0
Finland,2011,5.104,275604000000.0,11.5,3.161,9.223,147.2,80.6,938.5,5388272.0
Finland,2012,4.858,258290000000.0,10.9,3.254,9.586,130.9,80.7,955.6,5413967.0
Finland,2013,4.762,271362000000.0,4.3,3.342,9.805,122.8,81.1,946.5,5438975.0
Finland,2014,4.724,274863000000.0,4.5,3.283,9.781,122.2,81.3,959.6,5461507.0
Finland,2015,4.891,234534000000.0,3.4,3.38,9.645,116.9,81.6,970.8,5479528.0
Finland,2016,4.768,240771000000.0,8.7,3.301,9.378,107.6,81.5,982.0,5495297.0
Finland,2017,4.484,255648000000.0,7.9,3.36,9.127,101.2,81.7,974.4,5508209.0
Finland,2018,4.369,275708000000.0,9.5,3.427,9.043,96.1,81.8,988.5,5515525.0
Finland,2019,4.328,268515000000.0,10.7,3.416,9.171,90.8,82.1,977.3,5521605.0
Finland,2020,4.178,271886000000.0,5.6,3.625,9.632,90.8,82.0,1003.7,5529545.0
Finland,2021,3.916,296388000000.0,1.7,3.977,10.25,90.8,81.9,1003.7,5541020.0
France,2000,5.135,1365640000000.0,2.9,3.466,9.584,273.5,79.2,873.7,60724780.0
France,2001,5.047,1377660000000.0,2.8,3.473,9.706,257.9,79.3,867.7,61163237.0
France,2002,4.959,1501410000000.0,2.7,3.564,10.022,229.3,79.4,868.1,61604550.0
France,2003,4.833,1844540000000.0,2.4,3.638,10.083,191.6,79.3,889.7,62037544.0
France,2004,4.734,2119630000000.0,2.3,3.671,10.164,172.7,80.4,814.6,62490800.0
France,2005,4.641,2196950000000.0,2.2,3.688,10.215,176.8,80.4,837.3,62958328.0
France,2006,4.545,2320540000000.0,2.2,3.971,10.386,166.6,81.0,813.3,63393406.0
France,2007,4.457,2660590000000.0,1.9,3.915,10.316,166.8,81.3,815.6,63781275.0
France,2008,4.347,2930300000000.0,2.8,3.997,10.501,150.7,81.4,829.7,64133174.0
France,2009,4.274,2700890000000.0,4.0,4.273,11.288,145.0,81.6,832.8,64458715.0
France,2010,4.176,2645190000000.0,9.4,4.244,11.226,134.2,81.9,835.5,64773169.0
France,2011,4.117,2865160000000.0,24.5,4.236,11.185,128.5,82.3,824.0,65087317.0
France,2012,4.06,2683670000000.0,2.8,4.287,11.297,119.3,82.1,853.4,65402998.0
France,2013,4.747,2811880000000.0,1.6,4.321,11.396,110.7,82.4,845.4,65735961.0
France,2014,4.694,2855960000000.0,1.5,4.424,11.539,113.7,82.9,821.3,66276671.0
France,2015,4.648,2439190000000.0,1.5,4.388,11.448,110.1,82.4,871.4,66512558.0
France,2016,4.598,2472960000000.0,1.0,4.407,11.471,112.4,82.7,868.5,66688563.0
France,2017,4.553,2595150000000.0,1.7,4.362,11.355,115.2,82.7,883.6,66883314.0
France,2018,4.528,2790960000000.0,5.3,4.277,11.208,109.5,82.8,883.6,67125071.0
France,2019,4.461,2728870000000.0,4.9,4.221,11.089,110.6,83.0,883.6,67349922.0
France,2020,4.423,2639010000000.0,1.1,4.739,12.131,82.8,82.3,883.6,67538482.0
France,2021,4.408,2957880000000.0,0.7,4.65,12.308,102.5,82.4,883.6,67738863.0
Germany,2000,4.422,1947980000000.0,1.0,3.024,9.888,618.8,78.3,1020.3,82211501.0
Germany,2001,4.406,1945790000000.0,8.2,2.971,9.921,607.0,78.6,1006.1,82349926.0
Germany,2002,4.321,2078480000000.0,6.6,3.012,10.184,584.0,78.6,1020.4,82488493.0
Germany,2003,4.256,2501640000000.0,1.7,3.019,10.402,566.7,78.6,1034.7,82534175.0
Germany,2004,4.193,2814350000000.0,1.0,3.007,10.146,540.3,79.3,991.6,82516268.0
Germany,2005,4.134,2846860000000.0,1.8,3.033,10.312,532.9,79.4,1006.7,82469421.0
Germany,2006,4.078,2994700000000.0,5.0,2.99,10.18,520.3,79.9,997.4,82376447.0
Germany,2007,4.043,3425580000000.0,2.6,2.897,10.051,532.7,80.1,1005.5,82266373.0
Germany,2008,4.046,3745260000000.0,2.7,2.944,10.251,506.5,80.2,1028.4,82110097.0
Germany,2009,4.058,3411260000000.0,2.3,3.246,11.238,494.1,80.3,1043.4,81902308.0
Germany,2010,4.037,3399670000000.0,2.4,3.21,11.096,462.3,80.5,1050.1,81776936.0
Germany,2011,4.083,3749310000000.0,3.5,3.149,10.778,488.8,80.6,1061.8,80274981.0
Germany,2012,4.015,3527140000000.0,1.5,3.166,10.853,477.9,80.7,1081.2,80425826.0
Germany,2013,3.947,3733800000000.0,3.4,3.211,10.999,463.9,80.6,1108.3,80645605.0
Germany,2014,3.875,3889090000000.0,16.6,3.211,11.026,481.0,81.2,1072.3,80982495.0
Germany,2015,3.805,3357590000000.0,15.2,3.222,11.19,481.6,80.7,1132.6,81686608.0
Germany,2016,3.764,3469850000000.0,18.2,3.225,11.242,481.7,81.0,1106.1,82348669.0
Germany,2017,3.731,3690850000000.0,21.9,3.172,11.336,472.2,81.1,1127.9,82657000.0
Germany,2018,3.68,3974440000000.0,17.0,3.179,11.481,477.7,81.0,1151.8,82905788.0
Germany,2019,3.642,3888230000000.0,12.7,3.284,11.716,462.4,81.3,1130.7,83092956.0
Germany,2020,3.615,3889670000000.0,4.5,3.657,12.693,462.4,81.1,1185.1,83160877.0
Germany,2021,3.581,4259930000000.0,1.5,3.491,12.934,462.4,80.8,1185.1,83196076.0
Greece,2000,3.119,130458000000.0,1.3,3.216,7.243,285.5,78.6,973.3,10805806.0
Greece,2001,3.093,136309000000.0,1.9,3.216,7.988,243.0,79.1,944.2,10862129.0
Greece,2002,2.99,154564000000.0,1.0,3.216,8.234,206.3,79.2,953.2,10902022.0
Greece,2003,2.992,202370000000.0,1.1,3.216,8.449,190.0,79.3,965.7,10928072.0
Greece,2004,2.912,240964000000.0,1.0,3.008,8.094,184.4,79.4,957.9,10955142.0
Greece,2005,2.885,247875000000.0,2.2,3.321,8.565,201.0,79.6,956.5,10987316.0
Greece,2006,2.876,273547000000.0,6.4,3.139,8.259,187.9,79.9,952.5,11020366.0
Greece,2007,2.833,318903000000.0,1.8,3.256,8.398,179.1,79.7,994.7,11048466.0
Greece,2008,2.853,355909000000.0,1.9,3.478,8.828,171.9,80.2,974.7,11077839.0
Greece,2009,2.818,331309000000.0,1.6,4.005,9.407,168.0,80.4,975.2,11107017.0
Greece,2010,2.787,297125000000.0,3.1,4.109,9.597,171.8,80.6,980.9,11121344.0
Greece,2011,2.828,282996000000.0,1.6,3.586,9.193,155.2,80.8,1000.5,11104900.0
Greece,2012,2.734,242029000000.0,2.1,4.04,8.924,141.1,80.7,1056.3,11045010.0
Greece,2013,2.645,238908000000.0,2.0,3.818,8.438,137.9,81.4,1019.5,10965209.0
Greece,2014,2.598,235458000000.0,1.5,3.418,7.891,133.3,81.5,1044.2,10892415.0
Greece,2015,2.615,195684000000.0,1.7,3.661,8.22,129.8,81.1,1122.7,10820883.0
Greece,2016,2.598,193148000000.0,2.3,3.687,8.449,128.2,81.5,1103.9,10775966.0
Greece,2017,2.576,199844000000.0,10.7,3.376,8.135,123.2,81.4,1157.8,10754679.0
Greece,2018,2.525,212049000000.0,22.6,3.544,8.12,122.4,81.9,1121.4,10732877.0
Greece,2019,2.518,205257000000.0,1.6,3.57,8.198,121.2,81.7,1166.0,10721584.0
Greece,2020,2.524,188926000000.0,1.1,4.158,9.504,100.9,81.4,1225.2,10698597.0
Greece,2021,2.526,214874000000.0,0.9,4.153,9.173,115.7,80.2,1225.2,10569211.0
Hungary,2000,1.714,47218411470.0,0.3,2.464,6.778,234.0,71.9,1328.0,10210965.0
Hungary,2001,1.728,53749989092.0,0.2,2.37,6.826,249.2,72.5,1297.5,10187578.0
Hungary,2002,1.742,67608919144.0,0.3,2.556,7.121,269.8,72.6,1307.6,10158610.0
Hungary,2003,1.747,85285075492.0,0.6,2.912,8.121,276.0,72.6,1340.9,10129554.0
Hungary,2004,1.791,104121000000.0,0.5,2.718,7.758,290.4,73.0,1310.9,10107140.0
Hungary,2005,1.804,113211000000.0,0.5,2.686,7.985,285.3,73.0,1345.6,10087064.0
Hungary,2006,1.807,115716000000.0,1.2,2.624,7.778,290.7,73.5,1306.7,10071374.0
Hungary,2007,1.78,140187000000.0,1.5,2.302,7.204,285.2,73.6,1322.0,10055778.0
Hungary,2008,1.753,158326000000.0,1.4,2.353,7.088,262.6,74.2,1295.3,10038186.0
Hungary,2009,1.746,131069000000.0,1.2,2.355,7.222,240.4,74.4,1301.2,10022647.0
Hungary,2010,1.75,132175000000.0,1.1,2.405,7.449,216.6,74.7,1304.6,10000020.0
Hungary,2011,1.735,141942000000.0,1.2,2.392,7.481,209.0,75.1,1291.6,9958824.0
Hungary,2012,1.774,128814000000.0,1.1,2.509,7.411,197.4,75.3,1304.8,9920364.0
Hungary,2013,1.749,135684000000.0,1.2,2.661,7.234,209.0,75.8,1281.5,9893083.0
Hungary,2014,1.764,141034000000.0,1.4,2.573,7.047,210.3,76.0,1280.2,9866466.0
Hungary,2015,1.707,125174000000.0,1.0,2.541,6.854,218.9,75.7,1338.0,9843025.0
Hungary,2016,1.712,128610000000.0,1.2,2.589,6.988,223.5,76.2,1294.6,9814026.0
Hungary,2017,1.686,143112000000.0,1.5,2.536,6.744,225.5,76.0,1345.3,9787969.0
Hungary,2018,1.667,160566000000.0,1.3,2.523,6.58,231.5,76.2,1340.5,9775566.0
Hungary,2019,1.668,164020000000.0,1.0,2.333,6.282,227.2,76.5,1326.4,9771142.0
Hungary,2020,1.672,157227000000.0,0.6,2.914,7.288,186.4,75.7,1326.4,9750153.0
Hungary,2021,1.658,182275000000.0,0.6,2.875,7.376,197.1,74.3,1326.4,9709893.0
Iceland,2000,7.823,9025660362.0,3.3,3.684,8.899,529.25,79.7,650.1,281200.0
Iceland,2001,7.018,8234846523.0,1.5,3.638,8.753,448.34,80.7,605.3,284970.0
Iceland,2002,6.956,9318398444.0,3.8,3.842,9.404,516.42,80.6,633.7,287516.0
Iceland,2003,6.908,11429335645.0,1.3,4.009,9.729,422.09,81.0,630.7,289522.0
Iceland,2004,6.848,13825309101.0,1.3,3.711,9.329,395.1,81.1,624.5,292077.0
Iceland,2005,6.74,16852971987.0,2.3,3.565,8.947,342.39,81.5,619.1,296734.0
Iceland,2007,2.889,21652505597.0,0.7,3.372,8.354,532.44,81.5,623.6,311567.0
Iceland,2008,2.835,18074619562.0,0.9,3.323,8.344,492.56,81.6,626.0,317404.0
Iceland,2009,2.826,13154416197.0,0.0,3.431,8.775,401.57,81.8,628.6,318501.0
Iceland,2010,2.83,13751161918.0,0.9,3.124,8.362,396.53,81.9,634.8,318044.0
Iceland,2011,2.508,15221622926.0,1.2,3.037,8.203,381.49,82.4,623.2,319011.0
Iceland,2012,2.494,14751508134.0,12.5,3.064,8.181,322.72,83.0,609.6,320723.0
Iceland,2013,2.471,16125060515.0,10.8,3.103,8.176,375.89,82.1,666.5,323763.0
Iceland,2014,2.444,17867662178.0,1.2,3.139,8.229,356.77,82.9,625.6,327379.0
Iceland,2015,2.418,17517210519.0,1.2,3.094,8.07,395.39,82.5,659.6,330818.0
Iceland,2016,2.385,20793168031.0,6.9,3.131,8.097,420.64,82.2,688.6,335435.0
Iceland,2017,2.33,24728285177.0,8.3,3.25,8.261,399.24,82.6,651.1,343399.0
Iceland,2018,2.268,26260850582.0,6.0,3.326,8.378,360.34,82.9,640.2,352722.0
Iceland,2019,2.219,24663643102.0,5.6,3.371,8.58,313.4,83.2,631.5,360558.0
Iceland,2020,2.183,21553080484.0,0.8,3.844,9.615,274.79,83.1,629.0,366462.0
Ireland,2000,4.836,100208000000.0,46.5,3.791,5.899,321.3,76.6,825.0,3789536.0
Ireland,2001,4.733,109347000000.0,10.2,3.791,6.392,269.3,77.2,781.4,3847198.0
Ireland,2002,4.629,128596000000.0,12.0,3.791,6.673,238.5,77.7,754.9,3917203.0
Ireland,2003,4.529,164671000000.0,16.2,3.791,7.008,210.9,78.2,727.5,3979853.0
Ireland,2004,4.398,194372000000.0,11.5,3.791,7.22,195.5,78.6,704.3,4045188.0
Ireland,2005,4.303,211877000000.0,5.2,3.791,7.642,227.8,79.0,679.3,4133839.0
Ireland,2006,4.165,232181000000.0,6.7,3.791,7.516,199.8,79.3,666.4,4232929.0
Ireland,2007,4.001,270079000000.0,5.0,3.791,7.808,177.0,79.7,639.2,4375842.0
Ireland,2008,3.92,275447000000.0,6.2,3.791,9.126,216.8,80.2,629.8,4485070.0
Ireland,2009,2.227,236443000000.0,8.6,3.791,10.523,214.9,80.2,637.2,4533395.0
Ireland,2010,2.171,221914000000.0,13.3,3.791,10.524,181.5,80.8,594.8,4554763.0
Ireland,2011,2.14,239003000000.0,12.8,3.791,10.606,158.8,80.9,621.3,4574888.0
Ireland,2012,2.065,225629000000.0,13.7,3.714,10.598,173.5,80.9,634.5,4593697.0
Ireland,2016,1.808,299091000000.0,6.4,2.727,7.469,162.7,81.7,636.267,4739597.0
Ireland,2017,1.789,336378000000.0,7.0,2.642,7.125,162.3,82.2,638.033,4792490.0
Ireland,2018,1.767,385737000000.0,4.7,2.568,6.876,164.6,82.2,639.8,4857015.0
Ireland,2019,1.743,399322000000.0,5.4,2.547,6.709,154.2,82.8,637.44,4921496.0
Ireland,2020,1.725,425852000000.0,2.1,2.65,7.109,112.4,82.6,635.08,4977443.0
Ireland,2021,1.709,504183000000.0,0.5,2.484,6.717,122.7,82.4,632.72,5011460.0
Ireland,2022,1.7,529245000000.0,0.0,2.244,6.071,147.95,81.9,630.36,5100229.0
Italy,2000,2.32,1146680000000.0,13.0,4.06,7.567,632.2,79.9,983.7,56942108.0
Italy,2001,2.294,1168020000000.0,10.4,4.06,7.738,655.1,80.3,977.4,56976976.0
Italy,2002,2.254,1276770000000.0,41.6,4.06,7.867,663.0,80.4,982.1,57089823.0
Italy,2003,2.235,1577620000000.0,28.4,4.06,7.833,621.0,80.1,1027.5,57399187.0
Italy,2004,2.247,1806540000000.0,8.4,4.06,8.165,593.4,80.9,944.9,57828178.0
Italy,2005,2.234,1858220000000.0,11.5,4.06,8.339,575.7,80.9,980.4,58166684.0
Italy,2006,2.207,1949550000000.0,6.8,4.06,8.437,570.1,81.4,960.7,58399863.0
Italy,2007,2.175,2213100000000.0,6.7,4.06,8.136,554.6,81.6,980.3,58756247.0
Italy,2008,2.14,2408660000000.0,13.5,4.06,8.533,524.8,81.7,988.4,59211183.0
Italy,2009,2.1,2199930000000.0,5.8,4.06,8.952,515.9,81.8,995.7,59555456.0
Italy,2010,2.075,2136100000000.0,9.1,4.06,8.916,509.4,82.2,986.2,59819402.0
Italy,2011,1.994,2294990000000.0,12.5,4.06,8.774,486.5,82.4,1000.6,60026844.0
Italy,2012,1.942,2086960000000.0,4.7,4.06,8.784,443.4,82.4,1030.4,60191243.0
Italy,2013,1.884,2141920000000.0,7.5,4.013,8.775,425.6,82.9,995.6,60311616.0
Italy,2014,1.844,2162010000000.0,6.2,4.033,8.868,413.1,83.2,984.8,60320708.0
Italy,2015,1.836,1836640000000.0,3.2,3.998,8.857,406.6,82.7,1063.8,60229599.0
Italy,2016,1.798,1877070000000.0,5.0,3.966,8.725,411.0,83.4,1019.5,60115220.0
Italy,2017,1.756,1961800000000.0,12.5,3.87,8.678,407.6,83.1,1074.7,60002254.0
Italy,2018,1.753,2091930000000.0,7.8,3.824,8.682,405.7,83.4,1074.7,59877216.0
Italy,2019,1.768,2011300000000.0,5.5,3.832,8.656,404.1,83.6,1074.7,59729077.0
Italy,2020,1.792,1897210000000.0,1.2,4.304,9.625,267.9,82.3,1074.7,59438845.0
Italy,2021,1.793,2114360000000.0,0.6,4.075,9.384,351.1,82.7,1074.7,59133173.0
Japan,2000,7.3,4968360000000.0,0.3,3.477,7.035,910.5,81.2,757.6,126925843.0
Japan,2001,7.258,4374710000000.0,0.3,3.558,7.239,927.8,81.5,762.3,127291000.0
Japan,2002,7.209,4182850000000.0,71.1,3.588,7.352,916.6,81.8,770.9,127435000.0
Japan,2003,7.148,4519560000000.0,54.6,3.623,7.487,925.9,81.8,795.3,127619000.0
Japan,2004,7.109,4893120000000.0,20.0,3.594,7.535,927.0,82.1,805.6,127687000.0
Japan,2005,7.064,4831470000000.0,13.6,3.618,7.658,905.6,82.0,848.3,127767994.0
Japan,2006,6.992,4601660000000.0,11.2,3.593,7.687,859.8,82.4,847.9,127900515.0
Japan,2007,6.922,4579750000000.0,37.9,3.624,7.779,809.8,82.6,865.7,128032743.0
Japan,2008,6.866,5106680000000.0,52.8,3.724,8.089,740.6,82.7,891.9,128083960.0
Japan,2009,6.826,5289490000000.0,27.6,4.124,8.959,714.6,83.0,891.9,128031514.0
Japan,2010,6.77,5759070000000.0,43.8,4.229,9.063,699.9,82.9,934.7,128057352.0
Japan,2011,6.731,6233150000000.0,29.1,4.391,10.488,668.7,82.7,980.2,127834233.0
Japan,2012,6.713,6272360000000.0,28.8,4.447,10.672,647.3,83.2,984.7,127592657.0
Japan,2013,6.703,5212330000000.0,11.0,4.41,10.674,613.9,83.4,995.5,127413888.0
Japan,2014,6.675,4896990000000.0,10.3,4.4,10.729,559.8,83.7,1000.5,127237150.0
Japan,2015,6.672,4444930000000.0,14.7,4.335,10.75,524.0,83.9,1015.3,127094745.0
Japan,2016,6.651,5003680000000.0,12.4,4.363,10.659,487.54,84.1,1030.3,127041812.0
Japan,2017,6.639,4930840000000.0,7.8,4.381,10.656,458.42,84.2,1057.9,126918546.0
Japan,2018,6.621,5040880000000.0,10.3,4.359,10.74,415.88,84.3,1077.5,126748506.0
Japan,2019,6.579,5117990000000.0,14.5,4.507,10.97,365.2,84.4,1094.7,126555078.0
Japan,2020,6.531,5048790000000.0,2.7,4.504,11.005,292.9,84.6,1088.2,126146099.0
Japan,2021,6.538,5005540000000.0,1.0,4.504,11.299,288.55,84.5,1088.2,125502290.0
Korea,2000,2.427,576178000000.0,68.9,1.535,3.855,908.3,76.0,529.1,47008111.0
Korea,2001,2.392,547658000000.0,48.3,1.499,4.297,816.2,76.5,514.7,47370164.0
Korea,2002,2.661,627246000000.0,0.3,1.431,4.014,731.1,76.8,519.5,47644736.0
Korea,2003,2.975,702717000000.0,0.2,1.599,4.283,786.7,77.3,514.6,47892330.0
Korea,2004,3.115,793175000000.0,0.2,1.635,4.267,722.3,77.8,512.1,48082519.0
Korea,2005,3.395,934901000000.0,0.1,1.807,4.548,710.9,78.2,510.3,48184561.0
Korea,2006,3.912,1053220000000.0,0.3,1.974,4.849,703.4,78.8,504.1,48438292.0
Korea,2007,4.601,1172610000000.0,0.6,2.066,4.955,691.2,79.2,506.3,48683638.0
Korea,2008,5.121,1047340000000.0,0.1,2.293,5.246,692.5,79.6,501.7,49054708.0
Korea,2009,5.407,943942000000.0,0.5,2.451,5.659,735.8,80.0,500.8,49307835.0
Korea,2010,5.669,1144070000000.0,0.7,2.517,5.82,713.3,80.2,515.4,49554112.0
Korea,2011,6.136,1253220000000.0,1.7,2.6,5.915,685.8,80.6,515.4,49936638.0
Korea,2012,6.57,1278430000000.0,1.5,2.671,6.033,689.1,80.9,532.3,50199853.0
Korea,2013,6.841,1370800000000.0,0.9,2.78,6.151,654.5,81.4,528.0,50428893.0
Korea,2014,7.236,1484320000000.0,1.9,2.841,6.404,669.3,81.8,527.5,50746659.0
Korea,2015,7.21,1465770000000.0,1.1,2.971,6.589,692.3,82.1,540.8,51014947.0
Korea,2016,7.396,1500110000000.0,1.4,3.109,6.87,653.0,82.4,548.3,51217803.0
Korea,2017,7.568,1623900000000.0,1.7,3.178,7.047,627.5,82.7,555.9,51361911.0
Korea,2018,7.607,1724850000000.0,3.0,3.359,7.491,625.6,82.7,579.3,51585058.0
Korea,2019,7.766,1651420000000.0,2.6,3.649,8.175,660.8,83.3,570.1,51764822.0
Korea,2020,7.921,1644310000000.0,1.2,3.694,8.35,591.3,83.5,588.3,51836239.0
Korea,2021,8.101,1810960000000.0,1.2,4.002,9.331,562.7,83.6,588.3,51744876.0
Luxembourg,2005,3.01,37672280120.0,2.4,2.078,7.125,226.3,79.6,782.6,465152.0
Luxembourg,2006,2.962,42910146296.0,3.4,1.944,6.638,230.3,79.4,805.2,472641.0
Luxembourg,2007,2.708,51587401416.0,3.3,1.911,6.158,275.8,79.5,809.9,479992.0
Luxembourg,2008,2.66,58844277702.0,2.3,1.987,6.231,253.3,80.7,741.4,488647.0
Luxembourg,2009,2.612,54467289898.0,1.2,2.235,6.95,232.0,80.8,758.1,497783.0
Luxembourg,2010,2.367,56213985987.0,1.6,2.075,6.662,233.5,80.8,765.4,506953.0
Luxembourg,2011,2.508,61696281326.0,4.3,1.95,5.952,251.8,81.1,772.4,518351.0
Luxembourg,2012,2.448,59776383527.0,4.0,1.632,5.294,259.3,81.5,755.4,530952.0
Luxembourg,2013,2.393,65203276467.0,7.6,1.602,5.236,229.6,81.9,731.4,543358.0
Luxembourg,2014,2.157,68804811898.0,3.5,1.613,5.23,219.6,82.3,725.5,556322.0
Luxembourg,2015,2.107,60071584216.0,1.8,1.579,5.081,236.7,82.4,740.9,569605.0
Luxembourg,2016,2.062,62216885436.0,3.3,1.584,5.071,205.9,82.7,732.4,583459.0
Luxembourg,2017,1.677,65712180343.0,4.7,1.613,5.135,213.1,82.1,748.6,596337.0
Luxembourg,2018,1.645,71000359760.0,2.9,1.742,5.28,200.1,82.3,733.4,607950.0
Luxembourg,2019,1.613,69825641851.0,6.4,1.83,5.47,208.5,82.7,720.0,620003.0
Luxembourg,2020,1.586,73992591285.0,1.6,1.894,5.742,217.95,82.2,766.7,630413.0
Luxembourg,2021,1.562,85506243834.0,2.1,1.754,5.668,227.4,82.7,733.0,640064.0
Luxembourg,2022,1.549,82274812251.0,0.0,1.72,5.456,236.85,80.4,786.95,653108.0
Mexico,2000,4.001,707910000000.0,10.7,1.7,4.449,156.84,74.7,442.9,98785275.0
Mexico,2001,3.974,756703000000.0,11.4,2.053,4.82,165.21,75.0,440.2,100105299.0
Mexico,2002,4.028,772110000000.0,11.1,2.041,5.072,167.63,75.1,450.6,101493987.0
Mexico,2003,4.033,729335000000.0,10.8,1.035,5.815,165.75,75.1,457.1,102890474.0
Mexico,2004,3.942,782243000000.0,11.1,0.997,5.954,153.16,75.4,452.2,104272444.0
Mexico,2005,4.015,877477000000.0,11.3,0.992,5.836,168.35,75.2,467.3,105669369.0
Mexico,2006,3.962,975383000000.0,12.0,0.992,5.655,170.29,75.5,460.2,107155391.0
Mexico,2007,3.995,1052700000000.0,10.9,1.044,5.766,177.29,75.4,461.6,108744845.0
Mexico,2008,3.966,1109990000000.0,10.8,0.949,5.699,170.23,75.2,485.6,110405454.0
Mexico,2009,3.931,900047000000.0,10.8,1.004,6.13,165.53,74.9,491.3,112095388.0
Mexico,2010,3.917,1057800000000.0,11.0,1.565,5.737,151.48,74.8,508.4,113748671.0
Mexico,2011,3.84,1180490000000.0,10.7,1.595,5.519,140.24,74.9,499.4,115367452.0
Mexico,2012,3.781,1201090000000.0,12.0,1.637,5.665,131.43,75.0,502.3,116935670.0
Mexico,2013,3.744,1274440000000.0,11.0,1.694,5.809,121.42,75.0,502.9,118453929.0
Mexico,2014,3.664,1315360000000.0,10.6,1.532,5.553,113.14,75.0,515.1,119936411.0
Mexico,2015,3.673,1171870000000.0,12.3,1.627,5.723,101.31,74.7,527.9,121347800.0
Mexico,2016,3.646,1078490000000.0,12.9,1.561,5.553,88.65,74.8,547.0,122715165.0
Mexico,2017,3.658,1158910000000.0,13.4,1.613,5.458,80.67,74.9,554.7,124041731.0
Mexico,2018,3.694,1222410000000.0,15.1,1.585,5.383,78.18,75.0,562.4,125327797.0
Mexico,2019,3.719,1269010000000.0,15.1,1.603,5.448,79.21,75.1,575.7,126577691.0
Mexico,2020,3.841,1090510000000.0,8.7,1.921,6.222,61.54,75.2,836.9,127792286.0
Mexico,2021,3.873,1272840000000.0,12.7,1.753,6.079,70.31,75.4,836.9,128972439.0
Mexico,2022,3.857,1414190000000.0,13.4,1.753,5.483,70.31,75.4,836.9,130118356.0
Netherlands,2000,1.306,417479000000.0,31.2,2.263,7.707,289.4,78.2,882.4,15925505.0
Netherlands,2001,1.278,431587000000.0,52.1,2.413,8.059,266.8,78.4,874.8,16046182.0
Netherlands,2002,1.245,473862000000.0,30.0,2.604,8.649,251.9,78.5,881.5,16148921.0
Netherlands,2003,1.226,580070000000.0,19.6,2.726,9.057,234.1,78.7,874.8,16225303.0
Netherlands,2004,1.216,658380000000.0,61.8,2.793,9.111,204.5,79.3,838.7,16281777.0
Netherlands,2005,1.213,685348000000.0,38.5,2.798,9.097,195.0,79.6,835.8,16319871.0
Netherlands,2006,1.181,733955000000.0,29.3,2.773,9.081,174.7,80.0,828.2,16346096.0
Netherlands,2007,1.16,848559000000.0,48.5,2.779,9.053,185.3,80.4,812.0,16381696.0
Netherlands,2008,1.107,951870000000.0,57.3,2.886,9.277,167.3,80.5,821.7,16445590.0
Netherlands,2009,2.517,871519000000.0,42.5,3.156,9.993,134.6,80.9,812.0,16530387.0
Netherlands,2010,2.57,847381000000.0,25.7,3.319,10.155,75.0,81.0,818.9,16615390.0
Netherlands,2011,2.69,905271000000.0,35.5,3.235,10.234,34.8,81.3,813.2,16693074.0
Netherlands,2012,2.978,838923000000.0,79.7,3.345,10.539,33.0,81.2,840.4,16754963.0
Netherlands,2013,3.029,877173000000.0,36.0,3.422,10.584,63.3,81.4,840.5,16804430.0
Netherlands,2014,2.994,892168000000.0,50.9,3.396,10.567,86.9,81.8,825.5,16865008.0
Netherlands,2015,3.052,765573000000.0,38.7,3.487,10.324,119.6,81.6,868.6,16939925.0
Netherlands,2016,3.136,784060000000.0,31.8,3.493,10.294,121.3,81.7,874.9,17030314.0
Netherlands,2017,3.187,833870000000.0,28.4,3.407,10.108,119.7,81.8,876.8,17131295.0
Netherlands,2018,3.186,914043000000.0,26.9,3.393,10.02,122.1,81.9,890.0,17231622.0
Netherlands,2019,3.275,910194000000.0,36.1,3.404,10.14,120.3,82.2,875.7,17344876.0
Netherlands,2020,3.543,909793000000.0,7.9,3.733,11.209,120.3,81.4,967.1,17441500.0
Netherlands,2021,3.941,1011800000000.0,1.4,3.558,11.294,120.3,81.4,967.1,17533048.0
New Zealand,2009,3.742,121374000000.0,40.2,2.971,9.621,913.7,80.7,678.8,4302600.0
New Zealand,2010,3.792,146518000000.0,23.1,2.971,9.593,952.68,80.8,658.5,4350700.0
New Zealand,2011,3.741,168291000000.0,60.8,2.971,9.52,807.3,81.0,690.9,4384000.0
New Zealand,2012,3.652,176207000000.0,136.7,2.971,9.652,788.9,81.2,686.8,4408100.0
New Zealand,2013,3.602,190907000000.0,81.0,2.971,9.36,785.4,81.4,667.2,4442100.0
New Zealand,2014,3.587,201313000000.0,31.6,2.971,9.402,746.2,81.4,690.0,4516500.0
New Zealand,2015,3.58,178064000000.0,26.5,2.971,9.283,827.8,81.5,689.8,4609400.0
New Zealand,2016,3.373,188838000000.0,26.6,2.971,9.244,801.9,81.6,666.0,4714100.0
New Zealand,2017,3.365,206556000000.0,45.8,2.971,8.97,858.3,81.7,674.414,4813600.0
New Zealand,2018,3.367,211887000000.0,62.0,2.971,9.038,829.78,81.7,682.829,4900600.0
New Zealand,2019,3.213,213092000000.0,69.2,2.971,9.069,804.25,82.1,691.243,4979200.0
New Zealand,2020,3.124,212570000000.0,4.2,2.971,9.689,703.54,82.3,699.657,5090200.0
New Zealand,2021,3.13,255552000000.0,1.3,2.971,10.125,770.623,82.3,708.071,5111400.0
New Zealand,2022,3.201,247234000000.0,1.0,2.971,11.208,837.707,80.5,716.486,5124100.0
Poland,2000,2.099,172220000000.0,0.3,1.708,5.288,187.3,73.8,961.9,38258477.5
Poland,2001,2.167,190905000000.0,0.3,1.708,5.667,178.3,74.2,949.6,38248076.0
Poland,2002,2.176,199070000000.0,0.3,1.708,6.067,176.6,74.5,940.3,38232301.0
Poland,2003,2.146,217829000000.0,5.7,1.701,5.954,167.3,74.7,956.0,38195177.0
Poland,2004,2.31,255107000000.0,8.2,1.796,5.868,169.4,74.9,952.1,38180249.0
Poland,2005,2.29,306146000000.0,5.4,1.691,5.807,160.4,75.0,965.0,38161313.0
Poland,2006,2.189,344627000000.0,4.7,1.815,5.803,155.1,75.3,969.3,38132277.0
Poland,2007,2.403,429021000000.0,5.7,1.933,5.873,165.9,75.4,989.6,38115967.0
Poland,2008,2.35,533600000000.0,6.5,2.24,6.376,162.8,75.6,995.1,38115909.0
Poland,2009,2.401,439732000000.0,6.9,2.282,6.588,146.9,75.9,1009.0,38153389.0
Poland,2010,2.505,475697000000.0,4.1,2.276,6.468,128.2,76.4,994.9,38516689.0
Poland,2011,2.543,524374000000.0,5.3,2.162,6.287,129.6,76.8,986.5,38525670.0
Poland,2012,2.727,495231000000.0,13.1,2.177,6.265,118.8,76.9,1010.9,38533789.0
Poland,2013,2.852,515762000000.0,6.5,2.285,6.48,114.4,77.1,1018.2,38502396.0
Poland,2014,2.883,539081000000.0,6.4,2.244,6.319,110.6,77.8,990.4,38483957.0
Poland,2015,2.809,477111000000.0,13.5,2.413,6.404,103.4,77.5,1039.6,38454576.0
Poland,2016,2.802,470025000000.0,18.8,2.496,6.571,106.1,78.0,1021.9,38426809.0
Poland,2017,3.355,524641000000.0,8.7,2.589,6.583,102.7,77.8,1060.8,38422346.0
Poland,2018,3.36,588780000000.0,5.4,2.592,6.313,97.3,77.7,1090.7,38413139.0
Poland,2019,3.256,596058000000.0,8.4,2.694,6.46,92.4,78.0,1079.2,38386476.0
Poland,2020,3.264,599443000000.0,2.2,2.624,6.497,69.5,76.5,1259.5,38354173.0
Poland,2021,3.29,679442000000.0,0.6,2.47,6.439,69.7,75.5,1259.5,38162224.0
Portugal,2000,2.187,118605000000.0,10.6,3.281,8.601,580.4,76.8,1028.3,10289898.0
Portugal,2001,2.152,121604000000.0,10.4,3.165,8.628,548.8,77.2,1018.9,10362721.5
Portugal,2002,2.102,134796000000.0,10.4,3.297,8.786,541.4,77.4,1023.9,10419630.5
Portugal,2003,2.094,165226000000.0,9.4,3.416,9.124,526.8,77.5,1043.6,10458821.0
Portugal,2004,2.118,189382000000.0,9.4,3.54,9.533,494.9,78.4,1029.05,10483861.0
Portugal,2005,2.114,197254000000.0,10.3,3.69,9.653,467.8,78.2,1014.5,10503330.0
Portugal,2006,2.1,208756000000.0,8.9,3.491,9.354,447.3,79.0,999.95,10522288.0
Portugal,2007,2.144,240496000000.0,8.2,3.477,9.252,438.5,79.3,985.4,10542963.5
Portugal,2008,2.112,263416000000.0,8.7,3.609,9.583,415.5,79.5,992.3,10558176.5
Portugal,2009,2.11,244668000000.0,7.5,3.903,10.131,438.7,79.7,993.2,10568246.5
Portugal,2010,2.185,238113000000.0,7.4,3.884,10.033,438.5,80.1,1004.8,10573100.0
Portugal,2011,2.141,245118000000.0,6.5,3.793,9.731,397.4,80.7,977.5,10574535.5
Portugal,2012,2.178,216224000000.0,8.3,3.892,9.654,362.4,80.6,1026.8,10531419.5
Portugal,2013,2.161,226434000000.0,6.1,3.867,9.405,370.6,80.9,1022.0,10473990.5
Portugal,2014,2.163,229902000000.0,4.6,3.833,9.343,389.7,81.3,1011.6,10419606.5
Portugal,2015,2.172,199394000000.0,5.9,3.829,9.316,411.0,81.3,1051.6,10381837.5
Portugal,2016,2.179,206426000000.0,9.4,3.88,9.394,414.0,81.3,1074.7,10356516.0
Portugal,2017,2.184,221358000000.0,4.7,3.847,9.306,442.3,81.6,1069.8,10340124.0
Portugal,2018,2.237,242313000000.0,5.1,3.91,9.413,438.6,81.5,1104.4,10334633.0
Portugal,2019,2.333,239987000000.0,3.0,3.987,9.514,457.2,81.9,1092.1,10354445.5
Portugal,2020,2.34,229032000000.0,0.7,4.535,10.548,326.8,81.1,1092.1,10384846.0
Portugal,2021,2.316,253983000000.0,0.1,4.591,11.137,365.2,81.5,1092.1,10407707.0
Slovak Republic,2000,2.598,29242558797.0,0.1,1.382,5.303,186.9,73.3,978.4,5400679.0
Slovak Republic,2001,2.547,30778781607.0,0.1,1.519,5.332,201.3,73.6,966.4,5379780.0
Slovak Republic,2002,2.548,35297794386.0,0.0,1.903,5.509,190.5,73.8,958.4,5378809.0
Slovak Republic,2003,2.568,46919965224.0,0.9,1.731,5.448,210.3,73.8,972.0,5378950.0
Slovak Republic,2004,2.68,57437444469.0,0.4,1.716,6.469,207.8,74.2,965.2,5382574.0
Slovak Republic,2005,2.643,62808723477.0,0.4,1.848,6.589,194.0,74.1,995.3,5387285.0
Slovak Republic,2006,2.773,70767338922.0,2.8,1.854,6.851,198.6,74.5,992.0,5391184.0
Slovak Republic,2007,2.772,86563986799.0,2.4,1.945,7.177,206.9,74.6,1002.0,5397766.0
Slovak Republic,2008,2.565,100880000000.0,4.1,1.766,6.956,201.4,74.9,988.3,5406972.0
Slovak Republic,2009,2.599,89399303222.0,8.0,1.997,7.948,155.2,75.3,982.3,5418374.0
Slovak Republic,2010,2.541,91162836320.0,27.7,1.916,7.666,149.5,75.6,991.3,5431024.0
Slovak Republic,2011,2.593,99922685425.0,19.2,1.885,7.299,130.7,76.1,980.5,5398384.0
Slovak Republic,2012,2.533,94623731086.0,19.1,1.987,7.536,119.1,76.3,969.7,5407579.0
Slovak Republic,2013,2.512,98935222175.0,18.2,2.062,7.495,116.6,76.6,962.1,5413392.5
Slovak Republic,2014,2.473,101437000000.0,22.3,2.256,6.884,122.1,77.0,947.6,5418649.0
Slovak Republic,2015,2.471,88900883131.0,7.5,2.304,6.762,124.5,76.7,955.8,5423800.5
Slovak Republic,2016,2.449,89952699525.0,6.5,2.229,6.973,127.2,77.3,964.0,5430797.5
Slovak Republic,2017,2.408,95649966261.0,4.7,2.212,6.757,126.1,77.3,991.2,5439231.5
Slovak Republic,2018,2.387,106138000000.0,18.3,2.258,6.666,126.6,77.4,996.8,5446770.5
Slovak Republic,2019,2.365,105710000000.0,19.8,2.399,6.92,120.1,77.8,976.0,5454147.0
Slovak Republic,2020,2.418,106729000000.0,13.2,2.469,7.127,98.2,77.0,976.0,5458827.0
Slovak Republic,2021,2.478,118657000000.0,2.0,2.52,7.751,98.2,74.6,976.0,5441991.0
Spain,2000,1.901,598363000000.0,8.8,2.907,6.799,369.5,79.3,888.4,40554387.0
Spain,2001,1.88,627830000000.0,7.0,2.858,6.769,367.1,79.8,881.6,40766049.0
Spain,2002,1.832,708757000000.0,6.7,2.869,6.801,354.8,79.8,889.7,41423520.0
Spain,2003,1.756,907492000000.0,7.4,2.88,7.563,357.1,79.7,912.2,42196231.0
Spain,2004,1.747,1069060000000.0,6.2,2.942,7.658,323.0,80.4,866.5,42859172.0
Spain,2005,1.72,1153720000000.0,5.0,3.008,7.732,304.3,80.3,887.3,43662613.0
Spain,2006,1.68,1260400000000.0,5.6,3.086,7.829,323.5,81.1,836.7,44360521.0
Spain,2007,1.689,1474000000000.0,6.3,3.132,7.919,315.2,81.1,852.1,45236004.0
Spain,2008,1.669,1631860000000.0,7.0,3.431,8.382,284.9,81.5,840.7,45983169.0
Spain,2009,1.661,1491470000000.0,5.7,3.751,9.108,269.6,81.9,830.3,46367550.0
Spain,2010,1.642,1422110000000.0,6.7,3.726,9.119,258.6,82.4,820.3,46562483.0
Spain,2011,1.632,1480710000000.0,16.4,3.878,9.168,247.5,82.6,829.9,46736257.0
Spain,2012,1.623,1324750000000.0,10.1,3.878,9.154,247.9,82.5,861.5,46766403.0
Spain,2013,1.639,1355580000000.0,7.1,3.779,9.064,267.8,83.2,837.4,46593236.0
Spain,2014,1.642,1371820000000.0,8.9,3.866,9.085,272.59,83.3,851.6,46455123.0
Spain,2015,1.647,1196160000000.0,17.8,3.962,9.122,289.71,83.0,909.8,46410149.0
Spain,2016,1.644,1233550000000.0,11.6,3.882,8.947,302.24,83.5,883.3,46449874.0
Spain,2017,1.672,1313250000000.0,11.6,3.892,8.945,299.05,83.4,911.1,46532869.0
Spain,2018,1.671,1421700000000.0,8.2,3.903,8.997,296.62,83.5,914.0,46728814.0
Spain,2019,1.648,1394320000000.0,7.4,4.046,9.146,295.84,84.0,888.3,47105358.0
Spain,2020,1.63,1276960000000.0,1.9,5.001,10.746,199.68,82.4,1042.5,47355685.0
Spain,2021,1.637,1427380000000.0,1.1,4.882,10.74,248.16,83.3,950.6,47331302.0
Sweden,2000,1.003,262834000000.0,31.9,4.157,7.327,248.3,79.8,1054.0,8872112.0
Sweden,2001,0.866,242395000000.0,11.7,4.157,7.9,251.0,79.9,1054.5,8895963.0
Sweden,2002,0.896,266848000000.0,16.0,4.157,8.21,276.8,80.0,1065.2,8924960.0
Sweden,2003,0.904,334337000000.0,8.0,4.157,8.317,302.0,80.3,1038.2,8958232.0
Switzerland,2000,5.234,279209000000.0,110.4,3.16,9.134,414.6,80.0,870.6,7184250.0
Switzerland,2001,5.062,286580000000.0,85.7,3.337,9.46,413.8,80.5,847.6,7226647.0
Switzerland,2002,5.01,309300000000.0,80.8,3.525,9.88,405.6,80.6,847.9,7284754.0
Switzerland,2003,4.824,362088000000.0,83.8,3.636,10.137,407.1,80.7,859.4,7339002.0
Switzerland,2004,4.669,403914000000.0,57.8,3.628,10.226,386.2,81.3,814.4,7389626.0
Switzerland,2005,4.531,418293000000.0,60.7,3.514,10.058,357.3,81.5,821.9,7437116.0
Switzerland,2006,4.45,441619000000.0,44.4,3.347,9.58,354.6,81.8,805.5,7483935.0
Switzerland,2007,4.251,490755000000.0,63.7,3.289,9.417,357.5,82.0,809.0,7551117.0
Switzerland,2008,4.158,567273000000.0,79.8,3.371,9.532,334.2,82.3,800.7,7647676.0
Switzerland,2009,4.042,554192000000.0,66.0,3.601,10.142,324.5,82.3,806.2,7743832.0
Switzerland,2010,3.834,598851000000.0,79.7,3.569,9.934,309.7,82.7,800.6,7824910.0
Switzerland,2011,3.792,715888000000.0,71.1,3.644,10.046,293.7,82.8,784.7,7912396.0
Switzerland,2012,3.726,686420000000.0,101.9,3.692,10.144,277.8,82.8,802.5,7996861.0
Switzerland,2013,3.622,706235000000.0,168.3,3.774,10.379,264.3,82.9,803.0,8089346.0
Switzerland,2014,3.529,726538000000.0,146.9,3.84,10.428,262.8,83.3,779.9,8188646.0
Switzerland,2015,3.477,694118000000.0,1.6,3.934,10.779,260.0,83.0,816.3,8282398.0
Switzerland,2016,3.38,687895000000.0,2.1,4.035,10.99,255.5,83.7,775.8,8373334.0
Switzerland,2017,3.325,695201000000.0,2.4,4.05,11.045,253.4,83.7,792.4,8451834.0
Switzerland,2018,3.3,725563000000.0,1.8,3.937,10.772,256.4,83.8,787.9,8514327.0
Switzerland,2019,3.277,721369000000.0,3.7,4.016,11.064,248.2,84.0,790.4,8575280.0
Switzerland,2020,3.195,739914000000.0,0.5,4.196,11.732,229.2,83.1,882.1,8638169.0
Switzerland,2021,3.171,800640000000.0,0.4,4.159,11.801,229.0,83.9,882.1,8704542.0
Türkiye,2000,1.798,274295000000.0,30.6,1.78,4.6,211.3,71.1,390.8,64268751.0
Türkiye,2001,1.84,201753000000.0,52.7,1.719,4.888,177.1,71.5,390.8,65166330.5
Türkiye,2002,1.751,240249000000.0,19.8,1.678,5.062,175.3,71.9,390.8,66002505.5
Türkiye,2003,1.758,314596000000.0,15.6,1.817,5.014,175.9,72.3,390.8,66794551.0
Türkiye,2004,1.8,408865000000.0,22.4,1.96,4.91,200.6,72.7,390.8,67598736.0
Türkiye,2005,1.748,506315000000.0,14.6,1.859,4.894,223.8,73.1,390.8,68435380.0
Türkiye,2006,1.736,557076000000.0,10.3,2.032,5.146,242.5,73.4,390.8,69295253.0
Türkiye,2007,1.877,681321000000.0,9.2,2.144,5.238,267.8,73.7,390.8,70158111.5
Türkiye,2008,1.9,770449000000.0,8.3,2.292,5.218,257.9,73.9,390.8,71051689.0
Türkiye,2009,1.928,649289000000.0,7.0,2.309,5.494,277.5,74.1,390.8,72039215.0
Türkiye,2010,1.969,776967000000.0,4.4,2.135,5.021,286.9,74.3,402.6,73142162.0
Türkiye,2011,1.958,838786000000.0,4.1,2.032,4.653,318.6,74.6,420.7,74223642.0
Türkiye,2012,1.973,880556000000.0,4.2,2.282,4.444,354.5,74.6,427.0,75175836.0
Türkiye,2013,1.992,957799000000.0,12.9,2.292,4.371,358.5,78.0,469.5,76147634.0
Türkiye,2014,1.98,938934000000.0,4.1,2.259,4.325,366.9,78.0,497.0,77181894.0
Türkiye,2015,1.96,864314000000.0,3.5,2.173,4.117,386.6,78.0,507.5,78218488.0
Türkiye,2016,1.905,869683000000.0,1.9,2.29,4.285,380.6,78.0,529.9,79277971.0
Türkiye,2017,1.89,858989000000.0,2.2,2.222,4.18,371.7,78.1,529.233,80312708.0
Türkiye,2018,1.884,778477000000.0,3.0,2.147,4.124,374.4,78.3,528.567,81407211.0
Türkiye,2019,1.862,759935000000.0,5.1,2.26,4.366,340.6,78.6,527.9,82579448.0
Türkiye,2020,1.84,720289000000.0,1.7,2.444,4.617,270.6,78.6,527.9,83384688.0
Türkiye,2021,1.838,819034000000.0,1.0,2.417,4.565,324.3,78.6,527.9,84147326.0
United Kingdom,2012,2.742,2706340000000.0,23.7,3.965,9.814,318.5,80.8,893.2,63705030.0
United Kingdom,2013,2.566,2786320000000.0,13.7,3.965,9.873,298.1,80.9,899.2,64105654.0
United Kingdom,2014,2.427,3065220000000.0,7.7,4.023,9.862,312.7,81.1,882.9,64596752.0
United Kingdom,2015,2.89,2934860000000.0,9.8,4.084,9.798,298.1,80.9,925.8,65110034.0
United Kingdom,2016,2.928,2699660000000.0,13.3,4.082,9.729,288.1,81.0,909.7,65648054.0
United Kingdom,2017,2.907,2683490000000.0,8.4,4.04,9.596,270.0,81.1,917.7,66040229.0
United Kingdom,2018,2.875,2878150000000.0,8.0,4.041,9.731,252.1,81.1,925.2,66435550.0
United Kingdom,2019,2.961,2857060000000.0,8.8,4.031,9.958,239.9,81.4,903.4,66796807.0
United Kingdom,2020,2.864,2704610000000.0,3.9,5.113,12.159,170.1,80.4,1026.8,67081234.0
United Kingdom,2021,2.964,3122480000000.0,0.5,5.036,12.365,191.4,80.4,982.867,67026292.0
United Kingdom,2022,2.96,3070670000000.0,1.85,5.036,11.345,267.55,80.4,938.933,67299048.0
United States,2000,2.059,10250900000000.0,20.0,4.054,12.49,1127.3,76.8,851.8,282162411.0
United States,2001,2.036,10581900000000.0,19.0,4.246,13.168,1061.2,77.0,848.0,284968955.0
United States,2002,2.014,10929100000000.0,19.7,4.451,13.995,1014.3,77.0,849.5,287625193.0
United States,2003,1.987,11456400000000.0,20.1,4.59,14.506,992.8,77.2,843.9,290107933.0
United States,2004,1.967,12217200000000.0,23.9,4.627,14.551,949.8,77.6,818.8,292805298.0
United States,2005,1.948,13039200000000.0,22.6,4.667,14.579,911.4,77.6,828.4,295516599.0
United States,2006,1.926,13815600000000.0,18.3,4.714,14.709,861.6,77.8,813.2,298379912.0
United States,2007,1.895,14474200000000.0,16.0,4.78,14.918,825.8,78.1,804.7,301231207.0
United States,2008,1.912,14769900000000.0,16.5,4.886,15.207,770.5,78.2,812.9,304093966.0
United States,2009,1.889,14478100000000.0,16.8,5.326,16.201,721.6,78.5,794.7,306771529.0
United States,2010,1.86,15049000000000.0,19.1,5.374,16.197,725.4,78.7,798.3,309327143.0
United States,2011,1.837,15599700000000.0,15.4,5.341,16.14,713.0,78.7,807.3,311583481.0
United States,2012,1.823,16254000000000.0,24.3,5.402,16.12,752.6,78.8,810.3,313877662.0
United States,2013,1.799,16843200000000.0,17.7,5.384,15.992,731.2,78.8,821.7,316059947.0
United States,2014,1.767,17550700000000.0,17.5,5.359,16.199,733.3,78.9,824.9,318386329.0
United States,2015,1.735,18206000000000.0,14.6,5.432,16.491,767.3,78.7,845.7,320738994.0
United States,2016,1.713,18695100000000.0,13.4,5.538,16.802,950.4,78.7,849.4,323071755.0
United States,2017,1.91,19477300000000.0,13.4,5.532,16.768,846.1,78.6,865.4,325122128.0
United States,2018,1.88,20533100000000.0,12.1,5.468,16.63,829.4,78.7,868.7,326838199.0
United States,2019,1.855,21381000000000.0,13.2,5.582,16.666,832.6,78.8,869.5,328329953.0
United States,2020,1.838,21060500000000.0,5.1,6.02,18.756,688.6,77.0,1020.7,331511512.0
United States,2021,1.847,23315100000000.0,5.1,5.678,17.363,748.3,76.4,1020.7,332031554.0
Chile,2000,2.685,78249883996.0,25.9,3.612,7.0,303.02,76.4,513.7,15343326.0
Chile,2001,2.706,71517267768.0,15.5,3.612,7.097,291.2,76.6,527.5,15520049.0
Chile,2002,2.67,70295232513.0,12.2,3.612,7.208,280.22,76.9,516.7,15691701.0
Chile,2003,2.529,76507853876.0,11.6,3.612,7.25,284.78,77.1,527.7,15856977.0
Chile,2004,2.515,99079365628.0,11.3,3.612,6.91,289.0,77.4,537.6,16022133.0
Chile,2005,2.478,122315000000.0,11.7,3.612,6.624,293.79,77.6,532.0,16183489.0
Chile,2006,2.496,153840000000.0,11.9,3.612,6.072,298.04,77.8,523.9,16347890.0
Chile,2007,2.47,172566000000.0,11.5,3.612,6.213,337.2,78.1,542.2,16517933.0
Chile,2008,2.503,179663000000.0,12.2,3.612,6.74,341.99,78.3,519.7,16697754.0
Chile,2009,2.381,171413000000.0,11.9,3.612,7.858,318.09,78.5,544.8,16881078.0
Chile,2010,2.432,217105000000.0,15.6,3.612,6.82,319.69,78.7,573.9,17063927.0
Chile,2011,2.231,251225000000.0,27.8,3.612,6.799,323.29,79.0,550.5,17254159.0
Chile,2012,2.201,267176000000.0,44.0,3.612,7.02,313.84,79.2,565.9,17443491.0
Chile,2013,2.209,277239000000.0,24.7,3.612,7.476,347.19,79.4,566.4,17611902.0
Chile,2014,2.041,259405000000.0,18.6,3.612,7.842,334.0,79.6,573.1,17787617.0
Chile,2015,2.02,242497000000.0,15.7,3.612,8.351,330.94,79.8,574.8,17971423.0
Chile,2016,1.96,249299000000.0,16.2,3.612,8.558,358.61,80.0,572.5,18167147.0
Chile,2017,1.944,276365000000.0,17.8,3.612,9.091,346.44,80.2,577.5,18419192.0
Chile,2018,1.883,295403000000.0,19.6,3.612,9.226,320.43,80.4,569.4,18751405.0
Chile,2019,1.863,278493000000.0,16.0,3.612,9.363,310.7,80.6,573.8,19107216.0
Chile,2020,1.783,254096000000.0,12.9,3.808,9.727,224.01,80.8,648.3,19458310.0
Chile,2021,1.636,316714000000.0,13.2,3.642,9.343,272.46,81.0,648.3,19678363.0
Chile,2022,1.624,301025000000.0,14.5,3.642,9.002,272.46,81.2,648.3,19828563.0
Estonia,2000,4.868,5686579748.0,0.2,1.928,5.164,131.93,71.1,1317.3,1396985.0
Estonia,2001,4.827,6254649539.0,0.1,1.45,4.781,175.99,70.9,1333.9,1388115.0
Estonia,2002,3.697,7367975888.0,0.3,1.487,4.703,207.92,71.4,1330.7,1379350.0
Estonia,2003,3.502,9874013098.0,46.0,1.87,5.139,185.23,71.9,1324.3,1370720.0
Estonia,2004,3.67,12145911801.0,35.3,2.261,5.338,211.0,72.4,1297.9,1362550.0
Estonia,2005,3.912,14106790200.0,6.9,2.294,5.295,223.43,73.0,1278.1,1354775.0
Estonia,2006,4.009,17022870405.0,19.1,2.162,4.974,260.47,73.2,1285.7,1346810.0
Estonia,2007,4.102,22449129483.0,38.2,2.251,5.185,243.98,73.2,1298.5,1340680.0
Estonia,2008,4.338,24341678629.0,44.8,2.74,5.957,179.34,74.4,1247.1,1337090.0
Estonia,2009,4.271,19633031398.0,51.9,3.147,6.845,144.7,75.3,1206.4,1334515.0
Estonia,2010,4.281,19523477326.0,100.9,2.998,6.594,129.8,76.0,1185.2,1331475.0
Estonia,2011,4.143,23213994093.0,40.4,2.749,6.078,143.8,76.6,1145.4,1327439.0
Estonia,2012,4.234,23019150071.0,14.9,2.758,6.095,130.0,76.7,1169.8,1322696.0
Estonia,2013,2.352,25115753366.0,7.2,2.858,6.281,131.3,77.5,1166.5,1317997.0
Estonia,2014,2.282,26634083965.0,5.3,2.921,6.362,129.7,77.4,1176.8,1314545.0
Estonia,2015,2.281,22890762090.0,8.1,3.019,6.641,131.2,78.0,1158.8,1314608.0
Estonia,2016,2.28,24072829277.0,9.4,3.03,6.702,139.9,78.0,1169.1,1315790.0
Estonia,2017,2.277,26924385103.0,6.1,2.931,6.597,131.7,78.4,1172.2,1317384.0
Estonia,2018,2.269,30624720196.0,8.2,2.956,6.691,139.0,78.5,1180.5,1321977.0
Estonia,2019,2.261,31081901909.0,14.7,3.023,6.817,133.2,79.0,1144.5,1326855.0
Estonia,2020,2.181,31370395573.0,5.2,3.349,7.579,121.6,78.9,1179.8,1329479.0
Estonia,2021,2.029,37191166152.0,2.1,3.15,7.491,133.1,77.2,1380.6,1330932.0
Israel,2000,1.367,136035000000.0,10.5,2.594,6.617,662.2,78.8,599.2,6289200.0
Israel,2001,1.382,134637000000.0,11.9,2.747,7.018,592.9,79.3,577.5,6439037.0
Israel,2002,1.355,125060000000.0,11.4,2.696,6.923,594.6,79.6,583.0,6569957.0
Israel,2003,1.33,131299000000.0,19.0,2.683,6.855,567.0,79.8,573.4,6689748.0
Israel,2004,1.322,139974000000.0,27.6,2.629,6.801,553.1,80.3,554.5,6808969.0
Israel,2005,1.255,147084000000.0,15.5,2.618,6.903,526.1,80.3,561.3,6930128.0
Israel,2006,1.163,158670000000.0,23.7,2.497,6.71,522.8,80.7,546.7,7053707.0
Israel,2007,1.184,184053000000.0,46.0,2.44,6.695,471.4,80.7,556.4,7180160.0
Israel,2008,1.159,220530000000.0,44.1,2.514,6.828,450.4,81.1,535.2,7331353.0
Israel,2009,1.136,211968000000.0,17.7,2.485,6.916,439.4,81.5,515.6,7485565.0
Israel,2010,1.128,238364000000.0,17.8,2.497,6.888,382.4,81.7,517.1,7623561.0
Israel,2011,1.12,266792000000.0,32.8,2.474,6.839,363.9,81.8,523.7,7765832.0
Israel,2012,1.087,262282000000.0,38.9,2.549,6.976,317.4,81.8,529.4,7910525.0
Israel,2013,1.067,297733000000.0,22.7,2.545,6.958,323.3,82.1,514.7,8059456.0
Israel,2014,1.035,314330000000.0,19.8,2.606,7.045,286.3,82.2,513.3,8215668.0
Israel,2015,1.002,303414000000.0,66.6,2.587,7.022,285.1,82.2,528.2,8380149.0
Israel,2016,0.983,322103000000.0,14.4,2.587,7.096,278.7,82.5,514.5,8546009.0
Israel,2017,0.964,358245000000.0,6.6,2.61,7.176,282.6,82.7,511.8,8713268.0
Israel,2018,0.946,376692000000.0,44.9,2.595,7.228,255.6,82.9,501.4,8882764.0
Israel,2019,0.928,402471000000.0,36.7,2.525,7.174,250.0,82.9,508.1,9054026.0
Israel,2020,0.912,413268000000.0,6.0,2.846,7.707,194.5,82.7,529.5,9215113.0
Israel,2021,0.918,488527000000.0,0.9,2.846,7.905,212.0,82.6,529.5,9371400.0
Israel,2022,0.921,522033000000.0,0.4,2.846,7.427,187.5,82.9,529.5,9528600.0
Slovenia,2000,1.358,20289627637.0,0.4,2.898,7.804,581.53,76.2,934.6,1990272.0
Slovenia,2001,1.355,20876309970.0,0.3,2.898,7.876,636.18,76.4,929.1,1992035.0
Slovenia,2002,1.354,23489890274.0,0.2,2.898,8.021,697.99,76.6,937.6,1995718.0
Slovenia,2003,1.353,29634713641.0,9.4,3.021,8.099,836.5,76.4,974.6,1996773.0
Slovenia,2004,1.452,34414784504.0,6.2,3.025,7.94,937.55,77.2,927.5,1997004.0
Slovenia,2005,1.45,36206395971.0,4.8,3.089,7.996,715.3,77.5,941.0,2001114.0
Slovenia,2006,1.445,39481045038.0,28.9,3.024,7.823,800.34,78.3,905.9,2008516.0
Slovenia,2007,1.437,48067401207.0,36.4,2.867,7.511,794.14,78.4,920.9,2019406.0
Slovenia,2008,1.435,55779427740.0,10.4,3.214,7.855,613.51,79.1,905.7,2022629.0
Slovenia,2009,1.422,50567734886.0,23.3,3.46,8.541,593.14,79.4,919.3,2042335.0
Slovenia,2010,1.416,48208240226.0,30.5,3.474,8.565,503.4,79.8,908.4,2049261.0
Slovenia,2011,1.413,51583869785.0,16.9,3.511,8.536,471.28,80.1,910.9,2052496.0
Slovenia,2012,1.41,46577793184.0,10.1,3.556,8.715,451.89,80.3,936.1,2056262.0
Slovenia,2013,1.408,48415657265.0,9.7,3.586,8.74,428.19,80.5,938.6,2059114.0
Slovenia,2014,1.406,49997186439.0,23.3,3.451,8.502,403.27,81.2,915.9,2061623.0
Slovenia,2015,1.405,43107506024.0,5.3,3.5,8.517,425.29,80.9,961.2,2063077.0
Slovenia,2016,1.404,44766722791.0,7.6,3.564,8.478,412.79,81.2,953.4,2064241.0
Slovenia,2017,1.403,48589100043.0,11.8,3.353,8.185,390.97,81.2,992.5,2066161.0
Slovenia,2018,1.398,54177882426.0,11.6,3.433,8.277,373.71,81.5,987.8,2070050.0
Slovenia,2019,1.389,54331588482.0,9.3,3.462,8.499,366.25,81.6,985.8,2089310.0
Slovenia,2020,1.379,53706800044.0,2.7,3.684,9.433,272.94,80.6,1142.3,2100126.0
Slovenia,2021,1.376,61748586535.0,0.8,3.548,9.478,305.55,80.7,1142.3,2107007.0
Slovenia,2022,1.376,62117768015.0,0.0,3.548,8.847,305.55,80.7,1142.3,2108732.0
Latvia,2000,5.998,7958852839.0,4.3,2.546,5.433,230.1,70.2,1360.3,2367549.0
Latvia,2001,5.99,8362398702.0,4.3,2.546,5.77,250.3,70.2,1411.6,2337172.0
Latvia,2002,5.584,9557031605.0,4.3,2.546,5.763,272.7,70.2,1406.7,2310176.0
Latvia,2003,5.726,11771975157.0,4.3,2.546,5.479,290.2,70.6,1417.7,2287955.0
Latvia,2004,5.258,14435700533.0,1.8,2.546,6.202,283.5,70.9,1415.8,2263123.0
Latvia,2005,4.869,17003459863.0,6.5,2.359,5.832,250.1,70.6,1464.0,2238799.0
Latvia,2006,4.778,21570076499.0,13.2,2.347,5.704,243.4,70.6,1492.8,2218351.0
Latvia,2007,4.272,31054350978.0,12.4,2.299,5.512,276.5,70.8,1502.3,2200325.0
Latvia,2008,4.042,35854274229.0,11.9,2.381,5.585,248.3,72.1,1425.2,2177324.0
Latvia,2009,3.222,26410909091.0,10.6,2.421,6.098,183.5,72.8,1397.8,2141668.0
Latvia,2010,3.194,23956163077.0,10.9,2.105,6.097,191.8,73.1,1434.0,2097553.0
Latvia,2011,3.399,27474380566.0,8.8,1.884,5.724,205.2,73.9,1386.1,2059710.0
Latvia,2012,3.244,28169902669.0,23.6,1.807,5.41,205.5,74.1,1428.2,2034324.0
Latvia,2013,3.23,30204783462.0,20.9,1.947,5.409,215.5,74.3,1425.3,2012647.0
Latvia,2014,3.21,31386896487.0,17.9,1.838,5.463,230.8,74.5,1414.4,1993785.0
Latvia,2015,3.388,27263090547.0,21.1,1.84,5.652,230.9,74.8,1425.3,1977523.0
Latvia,2016,3.317,28083597512.0,23.0,1.935,6.133,237.2,74.9,1439.9,1959535.0
Latvia,2017,3.244,30483806018.0,13.4,1.928,5.965,248.5,74.9,1465.3,1942247.0
Latvia,2018,3.217,34429023435.0,16.1,2.079,6.189,249.1,75.1,1480.4,1927170.0
Latvia,2019,3.187,34343961073.0,44.1,2.268,6.614,238.3,75.7,1436.5,1913826.0
Latvia,2020,3.157,34601740323.0,21.5,2.505,7.241,238.3,75.5,1504.3,1900448.0
Latvia,2021,2.972,39725383601.0,3.1,2.969,9.045,238.3,73.1,1816.5,1884488.0
Lithuania,2000,3.458,11524776867.0,2.6,1.979,6.2,198.9,72.1,1112.1,3499534.0
Lithuania,2001,3.457,12237388002.0,4.6,1.979,6.013,204.6,71.6,1164.0,3470818.0
Lithuania,2002,3.456,14259781159.0,0.7,1.979,6.144,215.7,71.8,1192.9,3443067.0
Lithuania,2003,3.514,18781721376.0,0.1,1.979,6.186,212.8,72.0,1200.2,3415213.0
Lithuania,2004,3.376,22627507452.0,1.4,1.979,5.511,232.8,72.0,1224.1,3377075.0
Lithuania,2005,3.401,26097677572.0,2.2,2.058,5.648,254.8,71.2,1318.2,3322528.0
Lithuania,2006,3.517,30183575104.0,1.0,2.195,5.844,252.4,71.0,1370.5,3269909.0
Lithuania,2007,3.373,39697891352.0,1.4,2.171,5.764,248.9,70.7,1411.9,3231294.0
Lithuania,2008,3.533,47797551588.0,3.3,2.32,6.294,181.9,71.7,1370.5,3198231.0
Lithuania,2009,3.604,37388122046.0,8.5,2.695,7.366,139.9,72.9,1328.9,3162916.0
Lithuania,2010,3.648,37128694028.0,4.1,2.52,6.815,136.6,73.3,1359.9,3097282.0
Lithuania,2011,3.468,43535051482.0,3.9,2.425,6.488,129.4,73.7,1355.2,3028115.0
Lithuania,2012,3.514,42927454291.0,7.3,2.223,6.276,132.2,74.1,1370.2,2987773.0
Lithuania,2013,3.347,46523420074.0,6.1,2.075,6.126,135.5,74.1,1403.5,2957689.0
Lithuania,2014,3.206,48533659592.0,7.5,2.09,6.193,127.8,74.7,1372.7,2932367.0
Lithuania,2015,3.27,41435533340.0,6.1,2.228,6.49,123.7,74.6,1438.1,2904910.0
Lithuania,2016,3.242,43047309306.0,4.8,2.335,6.638,130.7,74.9,1433.1,2868231.0
Lithuania,2017,3.288,47758736932.0,3.2,2.244,6.464,125.9,75.8,1419.2,2828403.0
Lithuania,2018,3.391,53751411409.0,3.9,2.324,6.53,121.0,76.0,1412.6,2801543.0
Lithuania,2019,3.364,54760617013.0,32.0,2.371,6.991,134.9,76.5,1370.0,2794137.0
Lithuania,2020,2.791,56914826861.0,3.5,2.528,7.481,112.8,75.1,1558.1,2794885.0
Lithuania,2021,2.749,66414994992.0,1.1,2.504,7.823,113.3,74.2,1704.7,2808380.0
Costa Rica,2000,0.904,15013629659.0,8.6,3.744,6.565,271.47,77.8,385.9,3872349.0
Costa Rica,2001,0.885,15976174337.0,8.6,3.744,6.474,271.47,78.1,394.8,3953393.0
Costa Rica,2002,0.895,16578820687.0,8.6,3.744,6.869,271.47,78.3,373.0,4022431.0
Costa Rica,2003,0.905,17271760507.0,12.0,3.744,6.969,271.47,78.5,386.6,4086405.0
Costa Rica,2004,0.891,18610594846.0,12.1,3.744,6.63,271.47,78.6,396.8,4151823.0
Costa Rica,2005,0.901,20040642477.0,12.3,3.744,6.664,271.47,78.8,368.2,4215248.0
Costa Rica,2006,0.888,22715540324.0,11.9,3.744,6.935,271.47,79.0,388.9,4278656.0
Costa Rica,2007,0.875,26884700345.0,13.1,3.744,6.996,271.47,79.1,367.2,4340390.0
Costa Rica,2008,0.863,30801744881.0,11.5,3.744,7.469,271.47,79.3,374.2,4404090.0
Costa Rica,2009,0.873,30745714327.0,10.4,3.744,7.86,271.47,79.4,372.6,4469337.0
Costa Rica,2010,0.882,37658614803.0,13.8,3.744,8.029,271.47,79.1,418.8,4533894.0
Costa Rica,2011,0.871,42762613706.0,14.3,3.744,8.112,271.47,79.1,401.9,4592149.0
Costa Rica,2012,0.903,47231655433.0,17.4,3.65,7.782,271.47,79.4,406.5,4652458.931
Costa Rica,2013,0.891,50949668886.0,17.6,3.64,7.679,348.79,79.6,410.9,4713168.141
Costa Rica,2014,0.901,52016408924.0,19.4,3.582,7.662,355.47,79.7,425.1,4773129.934
Costa Rica,2015,0.89,56441920824.0,21.6,3.716,7.592,375.46,79.9,429.7,4832233.813
Costa Rica,2016,0.879,58847019585.0,23.7,3.595,7.315,429.48,80.0,456.9,4890379.452
Costa Rica,2017,0.869,60516044623.0,25.3,3.499,7.045,390.14,80.2,464.1,4947489.593
Costa Rica,2018,0.879,62420164965.0,38.1,3.556,7.286,388.32,80.3,469.8,5003401.958
Costa Rica,2019,0.87,64417670556.0,30.2,3.593,7.221,378.69,80.5,480.3,5058007.147
Costa Rica,2020,0.861,62395610764.0,20.4,3.945,7.825,287.07,80.6,508.6,5111238.216
Costa Rica,2021,0.852,64616482168.0,17.3,3.865,7.569,344.8,80.8,508.6,5163037.971
Costa Rica,2022,0.806,68380838316.0,13.5,3.865,7.168,344.8,80.9,508.6,5213373.671
Colombia,2010,22.874,286499000000.0,4.6,7.071,7.071,184.382,74.3,440.6,44086292.0
Colombia,2011,21.538,334966000000.0,6.4,6.781,6.781,262.864,74.5,425.2,44553416.0
Colombia,2012,23.041,370691000000.0,12.9,6.746,6.746,159.886,74.7,428.7,45001571.0
Colombia,2013,23.756,382094000000.0,10.9,7.017,7.017,210.085,75.0,430.9,45434942.0
Colombia,2014,24.13,381241000000.0,17.8,7.186,7.186,206.986,75.2,440.7,45866010.0
Colombia,2015,21.399,293492000000.0,21.4,7.523,7.523,147.336,75.4,455.2,46313898.0
Colombia,2016,21.535,282720000000.0,21.3,7.531,7.531,105.824,75.7,457.6,46830116.0
Colombia,2017,21.314,311867000000.0,45.6,7.679,7.679,266.968,75.9,461.7,47419200.0
Colombia,2018,21.114,334198000000.0,25.7,7.625,7.625,221.213,76.5,475.3,48258494.0
Colombia,2019,21.112,323032000000.0,26.1,7.78,7.78,224.775,76.6,484.9,49395678.0
Colombia,2020,21.408,270151000000.0,28.5,8.714,8.714,213.479,76.7,590.8,50407647.0
Bulgaria,2000,3.66,13245990274.0,2.3,2.64,7.2,98.3,71.6,1408.6,8170172.0
Bulgaria,2001,3.658,14183443862.0,2.3,2.64,7.2,100.9,71.9,1403.0,8009141.5
Bulgaria,2002,3.828,16403043850.0,2.3,2.64,7.2,102.9,72.1,1437.0,7837160.5
Bulgaria,2003,3.833,21144962058.0,2.3,2.64,7.2,108.5,72.3,1439.5,7775326.5
Bulgaria,2004,3.926,26157744753.0,2.9,2.581,6.891,119.6,72.5,1426.9,7716860.0
Bulgaria,2005,4.021,29868651533.0,4.1,2.781,6.89,130.6,72.5,1480.3,7658972.0
Bulgaria,2006,4.157,34380543845.0,4.4,2.501,6.525,93.2,72.7,1492.4,7601022.0
Bulgaria,2007,4.48,44432811756.0,3.9,2.407,6.157,128.3,73.0,1497.7,7545337.5
Bulgaria,2008,4.685,54480697770.0,3.0,2.574,6.283,130.5,73.3,1475.1,7492560.5
Bulgaria,2009,4.728,52023813558.0,33.9,2.576,6.596,114.4,73.7,1451.7,7444442.5
Bulgaria,2010,4.678,50754203891.0,297.6,2.814,7.096,107.2,73.8,1489.6,7395598.5
Bulgaria,2011,4.681,57735709914.0,3.2,2.597,7.103,113.0,74.2,1473.2,7348327.5
Bulgaria,2012,4.64,54290156342.0,2.3,2.64,7.539,112.1,74.4,1495.8,7305888.0
Bulgaria,2013,4.707,55844245264.0,2.4,2.728,7.143,120.8,74.9,1436.2,7265114.5
Bulgaria,2014,4.831,57159557805.0,1.6,2.952,7.683,119.6,74.5,1508.2,7223937.5
Bulgaria,2015,4.848,50828088836.0,1.1,2.724,7.391,125.0,74.7,1534.1,7177991.0
Bulgaria,2016,4.84,53987487124.0,2.0,2.751,7.457,131.5,74.9,1509.3,7127821.5
Bulgaria,2017,4.89,59343060706.0,4.6,2.755,7.492,122.7,74.8,1551.6,7075946.5
Bulgaria,2018,4.925,66399602077.0,2.6,2.829,7.329,120.4,75.0,1544.8,7025036.5
Bulgaria,2019,4.888,68911930628.0,19.6,2.655,7.089,121.8,75.1,1549.4,6975760.5
Bulgaria,2020,4.932,70404359049.0,4.7,3.377,8.478,121.8,73.6,1798.9,6934015.0
Bulgaria,2021,4.958,84061395658.0,0.5,3.298,8.556,121.8,71.4,1798.9,6877742.5
Romania,2000,2.108,37253738081.0,0.4,2.498,5.371,32.3,71.2,1139.9,22442973.0
Romania,2001,2.151,40395114265.0,0.4,2.498,5.371,30.1,71.1,1173.0,22131974.0
Romania,2002,2.163,46065502703.0,0.4,2.498,5.371,31.4,70.9,1241.0,21675775.0
Romania,2003,2.072,57806382692.0,0.4,2.498,5.371,30.0,71.0,1235.6,21574365.0
Romania,2004,2.074,74973660681.0,1.1,2.227,5.477,31.3,71.4,1206.8,21451845.0
Romania,2005,2.134,98454374488.0,26.6,2.174,5.528,108.8,71.9,1229.4,21319673.0
Romania,2006,2.161,122024000000.0,20.5,1.941,5.071,123.3,72.5,1217.8,21193749.0
Romania,2007,2.227,174589000000.0,7.4,2.044,5.023,141.8,73.1,1206.6,20882980.0
Romania,2008,2.313,214317000000.0,5.4,1.998,5.023,179.8,73.5,1232.9,20537848.0
Romania,2009,2.612,174102000000.0,4.3,2.206,5.278,174.4,73.7,1262.9,20367437.0
Romania,2010,2.751,170029000000.0,4.7,2.41,5.64,160.1,73.7,1282.8,20246798.0
Romania,2011,2.437,192614000000.0,24.7,1.594,4.475,166.2,74.4,1248.0,20147657.0
Romania,2012,2.503,179133000000.0,34.5,1.699,4.509,170.5,74.4,1274.0,20060182.0
Romania,2013,2.632,189789000000.0,9.3,1.901,5.224,157.4,75.1,1238.4,19988694.0
Romania,2014,2.783,199714000000.0,4.0,1.915,5.028,162.3,75.0,1280.7,19916451.0
Romania,2015,2.922,177884000000.0,3.4,1.888,4.943,185.7,74.9,1318.6,19822250.0
Romania,2016,3.015,185288000000.0,15.5,2.029,5.08,200.8,75.2,1311.5,19706424.0
Romania,2017,2.68,210147000000.0,49.1,2.292,5.189,205.2,75.2,1339.1,19592933.0
Romania,2018,2.768,243316000000.0,35.5,2.565,5.518,198.7,75.3,1360.6,19483840.0
Romania,2019,2.829,251018000000.0,11.5,2.585,5.714,204.5,75.6,1341.6,19375835.0
Romania,2020,2.855,251363000000.0,6.4,2.985,6.226,204.5,74.2,1341.6,19269469.0
Romania,2021,2.918,285405000000.0,1.1,3.006,6.479,204.5,72.8,1341.6,19124061.0
Croatia,2000,1.723,22128719418.0,2.2,3.246,6.295,458.8,74.6,1124.5,4548433.0
Croatia,2001,1.814,23063323723.0,2.2,3.246,6.295,513.7,74.6,1152.3,4299642.0
Croatia,2002,1.835,26757255952.0,2.2,3.246,6.295,555.6,74.7,1174.5,4302174.0
Croatia,2003,1.835,35254833028.0,2.2,3.246,6.295,607.4,74.6,1221.1,4303399.0
Croatia,2004,1.81,41855265955.0,4.6,3.246,6.504,563.4,75.4,1154.9,4304600.0
Croatia,2005,1.809,45025328214.0,2.9,3.246,6.839,505.0,75.3,1201.2,4310145.0
Croatia,2006,1.808,49532592593.0,1.9,3.246,6.912,536.4,75.9,1168.0,4311159.0
Croatia,2007,1.832,59172904661.0,3.2,3.246,7.405,581.9,75.8,1214.2,4310217.0
Croatia,2008,1.856,68342061762.0,3.0,3.246,7.651,519.7,76.0,1209.8,4309705.0
Croatia,2009,1.486,61941466003.0,2.9,3.246,8.082,509.3,76.3,1217.1,4305181.0
Croatia,2010,1.327,58693611581.0,1.5,3.246,7.988,426.9,76.7,1212.6,4295427.0
Croatia,2011,1.354,62599775593.0,0.9,3.246,7.464,421.9,77.2,1191.2,4280622.0
Croatia,2012,1.593,57231455635.0,0.7,3.189,7.495,375.1,77.3,1211.3,4267558.0
Croatia,2013,1.622,59363124069.0,3.0,2.768,6.425,359.2,77.8,1184.3,4255689.0
Croatia,2014,1.534,59214461630.0,4.0,2.923,6.61,335.7,77.9,1200.1,4238389.0
Croatia,2015,1.521,50742086223.0,6.8,3.034,6.69,357.0,77.5,1288.1,4203604.0
Croatia,2016,1.534,52391038979.0,3.5,3.023,6.725,349.8,78.2,1235.3,4174349.0
Croatia,2017,1.598,55937483558.0,2.6,3.078,6.657,353.7,78.0,1294.9,4124531.0
Croatia,2018,1.613,61330483610.0,4.6,3.173,6.75,342.0,78.2,1284.2,4087843.0
Croatia,2019,1.647,61329267533.0,3.6,3.238,6.802,316.5,78.6,1273.5,4065253.0
Croatia,2020,1.68,57624938982.0,0.5,3.614,7.729,316.5,77.8,1408.9,4047680.0
Croatia,2021,1.722,68843674641.0,0.8,4.114,8.102,316.5,76.7,1408.9,3878981.0
Australia,2022,5.219,1675420000000.0,2.1,4.443,9.646,157.31,83.25,648.1,25978935.0
Australia,2021,5.219,1552700000000.0,2.4,4.443,10.59,157.31,83.3,667.5,25688079.0
Austria,2022,2.992,471400000000.0,0.0,4.391,11.351,456.78,81.3,1026.8,9052856.0
Bulgaria,2022,4.958,89040398406.0,0.0,3.298,8.556,121.8,71.4,1798.9,6643323.5
Canada,2022,1.846,2139840000000.0,0.0,2.811,11.155,284.0,81.6,755.5,38929902.0
Colombia,2005,21.408,145601000000.0,19.233,6.067,6.067,211.018,73.0,440.2,41671878.0
Colombia,2022,21.408,343939000000.0,9.967,8.068,8.068,255.386,76.9,441.35,51682692.0
Colombia,2008,21.408,242504000000.0,0.7,6.842,6.842,145.243,73.8,442.5,43134017.0
Colombia,2009,21.408,232469000000.0,1.0,7.311,7.311,175.229,74.0,437.3,43608630.0
Colombia,2004,21.408,117092000000.0,4.029,5.799,5.799,258.937,72.6,445.5,41188093.0
Colombia,2001,21.408,98200641189.0,7.057,5.942,5.942,253.47,71.4,468.8,39674811.0
Colombia,2007,21.408,206230000000.0,10.086,6.491,6.491,211.073,73.5,436.3,42658630.0
Colombia,2003,21.408,94644969146.0,13.114,5.775,5.775,274.228,72.2,453.5,40693254.0
Colombia,2000,21.408,99875074935.0,16.143,5.635,5.635,235.075,71.0,464.7,39140080.0
Colombia,2006,21.408,161793000000.0,19.171,6.336,6.336,115.507,73.3,444.1,42170126.0
Colombia,2021,21.408,318512000000.0,22.2,9.018,9.018,187.365,76.8,454.35,51117378.0
Colombia,2002,21.408,97945812790.0,22.2,5.733,5.733,239.961,71.8,464.6,40190679.0
Croatia,2022,1.722,70964606465.0,0.0,4.114,8.102,316.5,76.7,1408.9,3854000.0
Czech Republic,2000,2.529,61823494487.0,0.2,2.885,5.701,315.8,75.1,1062.9,10272503.0
Czech Republic,2003,2.529,100090000000.0,3.5,2.993,6.524,347.4,75.3,1091.7,10201651.0
Czech Republic,2002,2.529,82196206090.0,0.1,3.168,6.177,337.1,75.4,1061.5,10200774.0
Czech Republic,2001,2.529,67808695574.0,0.1,2.989,5.863,329.4,75.3,1054.7,10224192.0
Czech Republic,2004,2.529,119815000000.0,4.0,2.895,6.351,335.6,75.9,1051.1,10206923.0
Estonia,2022,2.029,38100812959.0,0.0,3.15,6.943,138.3,77.2,1380.6,1348840.0
Finland,2022,3.916,280826000000.0,0.0,3.977,10.039,90.8,81.9,1003.7,5556108.0
France,2022,4.408,2782910000000.0,0.0,4.65,12.102,102.5,82.4,883.6,67942590.0
Germany,2022,3.581,4072190000000.0,0.0,3.491,12.655,462.4,80.8,1185.1,83797987.0
Greece,2022,2.526,219066000000.0,0.0,4.153,8.588,115.7,80.2,1225.2,10361270.0
Hungary,2022,1.658,178789000000.0,0.0,2.875,6.739,197.1,74.3,1326.4,9643048.0
Iceland,2021,2.183,25552639899.0,0.5,3.838,9.734,309.51,83.2,626.0,372523.0
Iceland,2022,2.183,27841648044.0,0.0,3.629,8.572,293.45,82.2,626.2,382005.0
Iceland,2006,2.183,17465318552.0,2.0,3.42,8.557,436.03,81.2,626.4,303784.0
Ireland,2014,1.7,259171000000.0,3.5,3.416,9.513,173.2,81.4,628.0,4645440.0
Ireland,2015,1.7,291775000000.0,3.5,2.653,7.336,166.5,81.5,640.7,4687787.0
Ireland,2013,1.7,238341000000.0,6.2,3.642,10.277,149.8,81.0,638.1,4614669.0
Italy,2022,1.793,2010430000000.0,0.0,3.938,9.002,351.1,82.7,1074.7,58940424.0
Japan,2022,6.538,4231140000000.0,0.5,4.504,11.507,283.99,84.5,1088.2,124946789.0
Korea,2022,8.101,1665250000000.0,1.2,4.085,9.72,562.7,83.6,588.3,51628117.0
Latvia,2022,2.972,41153912663.0,0.0,2.969,8.843,238.3,73.1,1816.5,1879374.0
Lithuania,2022,2.749,70334299008.0,0.0,2.504,7.462,120.2,74.2,1704.7,2833000.0
Luxembourg,2002,1.549,23649833332.0,1.1,2.052,6.76,246.3,78.1,840.9,446166.0
Luxembourg,2004,1.549,35064843793.0,4.0,2.121,7.28,215.9,79.2,778.8,458098.0
Luxembourg,2003,1.549,29667268248.0,1.5,2.07,6.961,232.6,77.9,906.7,451626.0
Luxembourg,2001,1.549,21387533703.0,3.7,1.918,6.381,266.1,78.0,845.9,441522.0
Luxembourg,2000,1.549,21230182989.0,2.8,1.813,5.925,287.2,78.0,866.4,436303.0
Netherlands,2022,3.941,991115000000.0,0.0,3.3,10.203,120.3,81.4,967.1,17703092.0
New Zealand,2001,3.201,53872463497.0,38.7,2.971,7.579,904.79,78.7,724.9,3880500.0
New Zealand,2003,3.201,88250885550.0,18.5,2.971,7.722,1040.31,79.3,696.8,4027200.0
New Zealand,2004,3.201,103906000000.0,88.1,2.971,7.901,1016.49,79.6,700.8,4087500.0
New Zealand,2007,3.201,137189000000.0,10.9,3.186,8.329,1132.59,80.3,677.1,4223800.0
New Zealand,2002,3.201,66627729311.0,29.7,3.167,7.9,1008.76,79.0,718.2,3948500.0
New Zealand,2000,3.201,52622954599.0,111.7,3.148,7.47,1013.29,78.4,692.6,3857700.0
New Zealand,2005,3.201,114720000000.0,68.5,3.129,8.273,1066.96,79.8,656.5,4133900.0
New Zealand,2006,3.201,111539000000.0,29.4,3.228,8.638,1095.68,80.1,678.4,4184600.0
New Zealand,2008,3.201,133131000000.0,11.9,3.228,9.124,1037.8,80.5,688.1,4259800.0
Poland,2022,3.29,688177000000.0,0.1,2.47,6.678,69.7,75.5,1259.5,37827355.0
Portugal,2022,2.316,251945000000.0,0.0,4.591,10.624,365.2,81.5,1092.1,10444241.5
Romania,2022,2.918,301262000000.0,0.1,3.006,6.479,204.5,72.8,1341.6,18982743.0
Slovak Republic,2022,2.478,115469000000.0,0.0,2.52,7.753,98.2,74.6,976.0,5431752.0
Spain,2022,1.637,1397510000000.0,0.0,4.882,10.39,248.16,83.3,950.6,47615034.0
Sweden,2015,0.904,505104000000.0,7.9,4.157,10.804,202.03,82.2,928.7,9799183.0
Sweden,2011,0.904,574094000000.0,3.2,4.011,10.416,236.6,81.9,951.8,9449216.0
Sweden,2012,0.904,552484000000.0,4.2,4.111,10.735,239.8,81.8,966.3,9519379.0
Sweden,2009,0.904,436536000000.0,4.2,4.154,8.77,271.9,81.5,969.8,9298512.0
Sweden,2022,0.904,585939000000.0,0.0,4.197,10.667,283.45,81.1,991.25,10486941.0
Sweden,2004,0.904,385119000000.0,18.3,4.24,8.13,295.0,80.7,1012.7,8993534.0
Sweden,2007,0.904,491255000000.0,10.4,4.283,7.996,291.2,81.1,1003.7,9148093.0
Sweden,2010,0.904,495813000000.0,4.2,4.326,8.32,248.5,81.6,965.2,9378131.0
Sweden,2006,0.904,423091000000.0,11.4,4.369,8.052,292.3,81.0,1005.1,9080506.0
Sweden,2008,0.904,517706000000.0,7.2,4.412,8.208,284.7,81.3,992.9,9219639.0
Sweden,2021,0.904,636856000000.0,0.4,4.455,11.247,145.04,83.1,967.8,10415812.0
Sweden,2013,0.904,586842000000.0,3.8,4.196,10.905,212.7,82.0,942.7,9600374.0
Sweden,2019,0.904,533880000000.0,8.1,4.22,10.832,173.85,83.2,930.667,10278888.0
Sweden,2020,0.904,547054000000.0,2.9,4.521,11.333,149.91,82.4,918.633,10353444.0
Sweden,2018,0.904,555455000000.0,8.1,4.221,10.941,184.28,82.6,906.6,10175215.0
Sweden,2014,0.904,581964000000.0,8.7,4.236,10.948,182.61,82.3,918.5,9696105.0
Sweden,2005,0.904,392219000000.0,15.7,4.192,8.151,292.4,80.7,1016.4,9029567.0
Sweden,2017,0.904,541019000000.0,9.3,4.148,10.785,197.1,82.5,915.5,10057695.0
Sweden,2016,0.904,515655000000.0,7.9,4.174,10.852,189.42,82.4,917.8,9923086.0
Switzerland,2022,3.171,807706000000.0,0.4,4.159,11.339,229.0,83.9,882.1,8775757.0
Türkiye,2022,1.838,905988000000.0,1.0,2.417,4.276,324.3,78.6,527.9,84979919.0
United Kingdom,2010,2.96,2491400000000.0,3.2,5.036,9.705,343.7,80.4,895.0,62759456.0
United Kingdom,2007,2.96,3093000000000.0,5.4,5.036,8.67,414.5,79.5,937.2,61319075.0
United Kingdom,2008,2.96,2931680000000.0,6.0,5.036,8.968,384.7,79.6,937.7,61823772.0
United Kingdom,2002,2.96,1785780000000.0,2.8,5.036,7.821,523.8,78.2,1024.2,59365677.0
United Kingdom,2004,2.96,2423050000000.0,2.6,5.036,8.253,478.7,78.8,975.5,59950364.0
United Kingdom,2000,2.96,1666050000000.0,2.1,5.036,7.093,562.8,77.8,937.15,58886065.0
United Kingdom,2009,2.96,2417570000000.0,5.0,5.036,9.77,368.7,80.1,898.8,62260486.0
United Kingdom,2005,2.96,2544810000000.0,2.5,5.036,8.315,456.6,79.0,965.0,60413276.0
United Kingdom,2003,2.96,2056700000000.0,3.0,5.036,7.988,498.5,78.3,1026.4,59636662.0
United Kingdom,2011,2.96,2666400000000.0,5.5,5.036,9.724,333.0,80.7,872.6,63285145.0
United Kingdom,2006,2.96,2709980000000.0,4.5,5.036,8.475,434.5,79.3,940.7,60827067.0
United Kingdom,2001,2.96,1648770000000.0,1.9,5.036,7.413,546.2,78.0,1022.4,59113016.0
United States,2022,1.847,25462700000000.0,5.1,5.678,16.634,748.3,76.4,1020.7,333287557.0
